genre,bad word,number of appearance
Western,a,t
Western,d,e
Western,s,i
Western,h,o
Western,b,l
Western,f,u
Western,d,e
Western,f,i
Western,f,i
Western,h,a
Western,d,i
Western,b,i
Western,d,i
Western,l,i
Western,g,i
Western,f,i
Western,g,o
Western,k,i
Western,k,i
Western,s,h
Western,b,u
Western,f,a
Western,f,a
Western,k,i
Western,g,u
Western,c,h
Western,k,i
Western,b,l
Western,p,o
Western,d,r
Western,s,q
Western,b,l
Western,k,i
Western,h,e
Western,t,o
Western,i,d
Western,d,e
Western,d,a
Western,d,r
Western,b,i
Western,h,o
Western,l,y
Western,h,o
Western,c,r
Western,d,i
Western,k,i
Western,w,e
Western,s,h
Western,l,a
Western,m,a
Western,b,u
Western,k,n
Western,b,e
Western,c,r
Western,e,s
Western,d,e
Western,p,e
Western,e,n
Western,a,s
Western,w,h
Western,s,p
Western,s,h
Western,d,u
Western,h,i
Western,a,s
Western,g,r
Western,d,e
Western,b,u
Western,n,a
Western,s,t
Western,p,o
Western,h,a
Western,w,h
Western,c,o
Western,t,o
Western,b,r
Western,a,s
Western,q,u
Western,e,r
Western,a,s
Western,b,a
Western,l,i
Western,a,n
Western,g,o
Western,s,i
Western,d,i
Western,c,o
Western,h,o
Western,m,u
Western,e,x
Western,a,b
Western,f,e
Western,m,u
Western,p,i
Western,c,o
Western,c,o
Western,c,r
Western,s,e
Western,b,e
Western,s,m
Western,s,c
Western,c,e
Western,n,i
Western,r,a
Western,n,a
Western,s,n
Western,t,e
Western,n,i
Western,d,i
Western,f,a
Western,s,l
Western,n,i
Western,s,w
Western,c,r
Western,n,i
Western,c,h
Western,h,o
Western,b,a
Western,c,o
Western,f,u
Western,w,h
Western,r,a
Western,w,h
Western,s,e
Western,b,a
Western,s,u
Western,w,e
Western,s,u
Western,d,r
Western,h,u
Western,s,c
Western,d,o
Western,h,o
Western,c,i
Western,c,o
Western,c,r
Western,t,u
Western,p,e
Western,t,i
Western,m,u
Western,b,i
Western,w,h
Western,f,u
Western,c,h
Western,e,n
Western,g,e
Western,f,u
Western,b,o
Western,b,u
Western,b,i
Western,h,o
Western,m,o
Western,f,a
Western,d,e
Western,v,i
Western,d,i
Western,p,i
Western,l,o
Western,c,o
Western,e,x
Western,g,o
Western,r,e
Western,j,a
Western,n,i
Western,p,u
Western,s,t
Western,f,a
Western,s,l
Western,h,e
Western,r,u
Western,s,h
Western,s,p
Western,h,o
Western,s,u
Western,w,h
Western,k,i
Western,p,i
Western,b,r
Western,p,r
Western,h,u
Western,d,i
Western,b,i
Western,r,e
Western,g,o
Western,p,r
Western,e,x
Western,t,i
Western,a,s
Western,p,a
Western,i,t
Western,b,o
Western,l,o
Western,f,a
Western,c,h
Western,t,r
Western,p,e
Western,r,o
Western,p,e
Western,s,m
Western,d,o
Western,i,l
Western,b,o
Western,t,a
Western,d,o
Western,s,l
Western,s,h
Western,s,h
Western,a,m
Western,b,o
Western,c,r
Western,p,i
Western,f,r
Western,g,r
Western,s,p
Western,d,i
Western,u,r
Western,c,r
Western,c,o
Western,c,r
Western,h,e
Western,v,i
Western,b,u
Western,b,o
Western,t,w
Western,t,o
Western,h,o
Western,s,e
Western,m,o
Western,n,e
Western,t,i
Western,d,i
Western,h,o
Western,w,h
Western,s,w
Western,s,o
Western,b,a
Western,j,o
Western,l,o
Western,f,u
Western,d,i
Western,w,o
Western,y,a
Western,g,a
Western,p,i
Western,o,r
Western,h,e
Western,s,e
Western,s,p
genre,bad word,number of appearance
War,p,r
War,d,e
War,m,a
War,f,i
War,k,i
War,b,i
War,b,u
War,d,e
War,k,i
War,d,i
War,d,i
War,b,u
War,b,u
War,s,h
War,m,u
War,e,x
War,d,i
War,i,d
War,g,r
War,d,e
War,e,r
War,s,w
War,a,s
War,d,e
War,b,a
War,a,s
War,g,i
War,d,a
War,u,r
War,v,i
War,h,e
War,f,u
War,h,o
War,a,s
War,f,i
War,s,p
War,s,p
War,k,i
War,b,o
War,f,i
War,a,t
War,f,a
War,f,a
War,d,i
War,e,n
War,s,h
War,s,c
War,c,r
War,b,o
War,b,o
War,c,o
War,j,o
War,m,u
War,d,r
War,v,o
War,b,o
War,f,e
War,t,o
War,g,u
War,s,t
War,t,o
War,b,l
War,s,e
War,c,o
War,e,x
War,d,i
War,c,r
War,c,r
War,f,a
War,r,a
War,s,i
War,s,l
War,k,n
War,i,t
War,l,i
War,o,r
War,w,h
War,d,r
War,h,o
War,a,s
War,k,i
War,f,a
War,b,l
War,t,o
War,m,i
War,g,a
War,n,a
War,c,o
War,b,a
War,f,u
War,l,i
War,s,u
War,b,r
War,d,e
War,b,e
War,c,o
War,h,a
War,n,a
War,c,h
War,b,l
War,d,r
War,l,a
War,p,r
War,w,e
War,t,e
War,b,o
War,h,o
War,r,e
War,c,i
War,d,i
War,s,t
War,d,u
War,s,n
War,a,n
War,g,i
War,c,h
War,s,u
War,k,i
War,s,l
War,b,i
War,s,u
War,r,e
War,q,u
War,s,h
War,f,u
War,d,o
War,f,u
War,g,o
War,a,d
War,p,i
War,t,i
War,d,i
War,e,s
War,b,i
War,c,o
War,w,h
War,d,i
War,p,i
War,p,o
War,c,r
War,p,i
War,t,r
War,p,i
War,c,r
War,r,e
War,c,r
War,h,o
War,m,o
War,s,e
War,d,i
War,p,u
War,f,a
War,g,o
War,b,u
War,g,o
War,p,a
War,b,e
War,b,o
War,l,i
War,p,u
War,p,e
War,p,o
War,b,l
War,f,a
War,s,m
War,p,o
War,c,o
War,a,s
War,p,o
War,a,b
War,f,e
War,s,o
War,s,e
War,e,x
War,a,r
War,s,e
War,p,o
War,j,i
War,s,l
War,f,u
War,g,o
War,i,n
War,h,o
War,w,h
War,e,x
War,w,o
War,r,u
War,w,o
War,r,e
War,r,a
War,n,i
War,c,h
War,b,a
War,w,o
War,p,e
War,e,r
War,s,c
War,t,w
War,a,s
War,c,o
War,p,r
War,d,e
War,c,a
War,s,w
War,d,o
War,e,t
War,c,o
War,f,u
War,a,s
War,a,s
War,d,a
War,b,a
War,n,i
War,w,e
War,n,i
War,n,i
War,p,e
War,c,o
War,s,l
War,c,o
War,r,a
War,s,h
War,s,o
War,i,l
War,b,u
War,d,i
War,f,o
War,a,m
War,t,r
War,j,a
War,g,r
War,b,u
War,c,r
War,s,h
War,d,e
War,m,o
War,a,b
War,m,o
War,k,r
War,m,u
War,f,a
War,s,p
War,s,n
War,m,o
War,c,r
War,h,u
War,p,u
War,s,h
War,c,o
War,h,e
War,d,i
War,s,c
War,t,i
War,v,i
War,s,e
War,l,i
War,l,y
War,r,a
War,h,e
War,b,l
War,e,x
War,t,e
War,c,o
War,f,o
War,w,e
War,b,a
War,e,x
War,r,a
War,l,o
War,b,i
War,h,o
War,n,u
War,r,e
War,p,r
War,j,a
War,p,a
War,k,i
War,f,u
War,z,i
War,p,o
War,w,h
War,p,o
War,n,i
War,f,a
War,s,h
War,q,u
War,s,o
War,c,r
War,p,i
War,c,e
War,r,i
War,s,l
War,h,e
War,b,r
genre,bad word,number of appearance
TV,c,r
TV,h,e
TV,a,m
TV,c,o
TV,f,i
TV,l,i
TV,b,l
TV,k,i
TV,b,u
TV,k,i
TV,c,r
TV,s,e
TV,e,u
TV,s,t
TV,o,r
TV,s,e
TV,f,u
TV,s,e
TV,c,o
TV,g,o
TV,h,a
TV,g,u
TV,d,e
TV,a,s
TV,s,h
TV,b,o
TV,d,i
TV,a,t
TV,f,a
TV,b,o
TV,f,a
genre,bad word,number of appearance
Thriller,d,i
Thriller,f,u
Thriller,f,u
Thriller,s,h
Thriller,f,u
Thriller,d,r
Thriller,f,u
Thriller,a,r
Thriller,s,h
Thriller,b,i
Thriller,b,i
Thriller,d,r
Thriller,g,a
Thriller,k,i
Thriller,d,e
Thriller,m,a
Thriller,a,n
Thriller,g,i
Thriller,b,l
Thriller,f,i
Thriller,k,i
Thriller,d,e
Thriller,s,h
Thriller,s,u
Thriller,g,u
Thriller,s,i
Thriller,h,e
Thriller,k,i
Thriller,d,i
Thriller,k,i
Thriller,k,n
Thriller,h,e
Thriller,f,u
Thriller,d,e
Thriller,d,a
Thriller,b,u
Thriller,k,i
Thriller,s,p
Thriller,a,s
Thriller,b,u
Thriller,d,u
Thriller,b,l
Thriller,f,e
Thriller,p,e
Thriller,b,u
Thriller,v,o
Thriller,s,c
Thriller,m,a
Thriller,f,a
Thriller,c,r
Thriller,r,e
Thriller,c,h
Thriller,d,i
Thriller,k,i
Thriller,s,t
Thriller,b,l
Thriller,b,u
Thriller,b,a
Thriller,a,t
Thriller,b,o
Thriller,s,e
Thriller,c,o
Thriller,i,l
Thriller,h,o
Thriller,p,o
Thriller,l,o
Thriller,p,e
Thriller,b,o
Thriller,c,r
Thriller,s,u
Thriller,f,a
Thriller,f,a
Thriller,m,u
Thriller,c,r
Thriller,h,i
Thriller,e,x
Thriller,n,u
Thriller,g,o
Thriller,e,x
Thriller,t,e
Thriller,b,o
Thriller,h,o
Thriller,b,a
Thriller,e,s
Thriller,f,i
Thriller,d,i
Thriller,r,e
Thriller,b,i
Thriller,b,i
Thriller,d,e
Thriller,d,e
Thriller,c,r
Thriller,p,i
Thriller,c,r
Thriller,b,l
Thriller,a,d
Thriller,n,a
Thriller,s,u
Thriller,p,a
Thriller,p,i
Thriller,a,s
Thriller,t,o
Thriller,r,a
Thriller,n,a
Thriller,t,a
Thriller,t,o
Thriller,b,r
Thriller,d,e
Thriller,c,o
Thriller,b,o
Thriller,f,i
Thriller,d,e
Thriller,s,l
Thriller,f,u
Thriller,g,o
Thriller,w,e
Thriller,v,i
Thriller,a,s
Thriller,m,o
Thriller,p,r
Thriller,i,d
Thriller,t,i
Thriller,a,s
Thriller,h,o
Thriller,s,h
Thriller,b,a
Thriller,a,s
Thriller,n,i
Thriller,m,a
Thriller,m,a
Thriller,t,o
Thriller,l,y
Thriller,l,a
Thriller,b,e
Thriller,c,i
Thriller,w,h
Thriller,m,o
Thriller,l,i
Thriller,e,n
Thriller,c,r
Thriller,p,i
Thriller,l,i
Thriller,m,i
Thriller,w,h
Thriller,t,u
Thriller,s,e
Thriller,h,o
Thriller,b,o
Thriller,h,u
Thriller,l,i
Thriller,a,r
Thriller,w,o
Thriller,c,r
Thriller,j,e
Thriller,v,i
Thriller,p,u
Thriller,s,h
Thriller,t,i
Thriller,p,i
Thriller,s,m
Thriller,d,i
Thriller,d,o
Thriller,r,a
Thriller,s,e
Thriller,g,o
Thriller,g,o
Thriller,m,u
Thriller,r,e
Thriller,r,e
Thriller,p,e
Thriller,e,r
Thriller,f,a
Thriller,s,l
Thriller,e,x
Thriller,s,c
Thriller,b,i
Thriller,d,r
Thriller,w,e
Thriller,c,h
Thriller,s,w
Thriller,s,o
Thriller,s,e
Thriller,h,o
Thriller,f,a
Thriller,a,b
Thriller,c,o
Thriller,p,o
Thriller,s,n
Thriller,h,a
Thriller,s,w
Thriller,j,o
Thriller,c,o
Thriller,w,h
Thriller,b,l
Thriller,s,h
Thriller,s,p
Thriller,q,u
Thriller,d,i
Thriller,f,a
Thriller,d,i
Thriller,c,e
Thriller,t,e
Thriller,c,r
Thriller,a,m
Thriller,f,a
Thriller,n,a
Thriller,a,b
Thriller,c,r
Thriller,d,i
Thriller,p,u
Thriller,s,q
Thriller,s,e
Thriller,m,o
Thriller,r,e
Thriller,c,o
Thriller,m,o
Thriller,w,h
Thriller,l,e
Thriller,s,p
Thriller,h,i
Thriller,s,e
Thriller,s,n
Thriller,h,o
Thriller,r,a
Thriller,h,o
Thriller,b,u
Thriller,p,o
Thriller,b,l
Thriller,b,a
Thriller,p,i
Thriller,c,a
Thriller,h,o
Thriller,c,o
Thriller,n,i
Thriller,p,r
Thriller,b,o
Thriller,n,i
Thriller,p,i
Thriller,p,r
Thriller,c,o
Thriller,b,o
Thriller,b,o
Thriller,d,o
Thriller,w,o
Thriller,t,a
Thriller,s,l
Thriller,p,e
Thriller,c,o
Thriller,w,h
Thriller,f,a
Thriller,h,o
Thriller,p,u
Thriller,p,a
Thriller,r,e
Thriller,a,r
Thriller,c,u
Thriller,a,s
Thriller,a,s
Thriller,p,u
Thriller,g,r
Thriller,s,p
Thriller,d,i
Thriller,q,u
Thriller,t,i
Thriller,j,e
Thriller,p,i
Thriller,s,h
Thriller,c,h
Thriller,s,h
Thriller,d,i
Thriller,b,r
Thriller,s,t
Thriller,p,e
Thriller,g,e
Thriller,r,a
Thriller,r,e
Thriller,c,o
Thriller,s,i
Thriller,h,o
Thriller,h,o
Thriller,f,u
Thriller,h,o
Thriller,p,o
Thriller,c,o
Thriller,a,s
Thriller,c,r
Thriller,c,u
Thriller,t,e
Thriller,v,a
Thriller,p,o
Thriller,b,o
Thriller,b,a
Thriller,g,r
Thriller,j,a
Thriller,n,i
Thriller,p,r
Thriller,r,a
Thriller,e,t
Thriller,s,o
Thriller,t,r
Thriller,l,o
Thriller,r,o
Thriller,u,r
Thriller,p,u
Thriller,o,r
Thriller,d,a
Thriller,r,a
Thriller,p,r
Thriller,j,e
Thriller,u,r
Thriller,f,u
Thriller,b,u
Thriller,a,b
Thriller,h,o
Thriller,d,o
Thriller,g,i
Thriller,h,e
Thriller,k,i
Thriller,e,x
Thriller,s,l
Thriller,f,e
Thriller,c,r
Thriller,b,o
Thriller,b,a
Thriller,s,l
Thriller,b,e
Thriller,c,o
Thriller,a,d
Thriller,h,a
Thriller,c,o
Thriller,n,u
Thriller,i,t
Thriller,p,o
Thriller,t,r
Thriller,f,u
Thriller,b,u
Thriller,w,h
Thriller,s,h
Thriller,b,o
Thriller,v,i
Thriller,o,r
Thriller,c,o
Thriller,p,e
Thriller,n,i
Thriller,m,o
Thriller,b,o
Thriller,j,i
Thriller,o,r
Thriller,v,a
Thriller,r,a
Thriller,s,l
Thriller,g,y
Thriller,h,u
Thriller,p,e
Thriller,j,u
Thriller,r,u
Thriller,s,a
Thriller,h,i
Thriller,f,o
Thriller,a,r
Thriller,d,i
Thriller,i,n
Thriller,h,e
Thriller,e,r
Thriller,n,a
Thriller,g,e
Thriller,w,e
Thriller,d,i
Thriller,h,o
Thriller,r,a
Thriller,n,i
Thriller,p,e
Thriller,m,u
Thriller,r,a
Thriller,c,h
Thriller,t,i
Thriller,c,o
Thriller,l,i
Thriller,r,o
Thriller,f,r
Thriller,u,t
Thriller,e,x
Thriller,e,x
Thriller,p,e
Thriller,g,y
Thriller,j,a
Thriller,t,i
Thriller,c,o
Thriller,f,u
Thriller,f,i
Thriller,b,i
Thriller,l,o
Thriller,d,u
Thriller,s,h
Thriller,s,h
Thriller,t,w
Thriller,o,r
Thriller,h,i
Thriller,d,i
Thriller,s,n
Thriller,s,m
Thriller,t,r
Thriller,t,e
Thriller,s,h
Thriller,a,n
Thriller,l,a
Thriller,l,i
Thriller,d,o
Thriller,t,a
Thriller,t,i
Thriller,s,o
Thriller,t,r
Thriller,m,e
Thriller,p,i
Thriller,b,r
Thriller,f,u
Thriller,m,a
Thriller,s,c
Thriller,p,o
Thriller,f,a
Thriller,b,i
Thriller,s,w
Thriller,d,e
Thriller,s,o
Thriller,g,r
Thriller,y,a
Thriller,f,l
Thriller,g,o
Thriller,c,r
Thriller,t,r
Thriller,g,o
Thriller,a,d
Thriller,c,o
Thriller,c,l
Thriller,n,o
Thriller,s,k
Thriller,w,u
Thriller,s,c
Thriller,d,i
Thriller,s,t
Thriller,u,k
Thriller,d,i
Thriller,b,e
Thriller,p,o
Thriller,s,c
Thriller,w,e
Thriller,t,w
Thriller,b,e
Thriller,a,m
Thriller,j,a
Thriller,m,e
Thriller,w,i
Thriller,m,o
Thriller,a,l
Thriller,m,o
Thriller,w,a
Thriller,e,j
Thriller,k,i
Thriller,c,o
Thriller,d,a
Thriller,b,o
Thriller,g,a
Thriller,p,i
Thriller,t,h
Thriller,c,h
Thriller,x,x
Thriller,c,h
Thriller,s,e
Thriller,n,o
Thriller,l,e
Thriller,p,u
Thriller,d,i
Thriller,h,o
Thriller,f,o
Thriller,h,u
Thriller,f,o
Thriller,s,n
Thriller,h,e
Thriller,p,i
Thriller,i,n
Thriller,d,i
genre,bad word,number of appearance
Science,n,i
Science,b,o
Science,m,u
Science,k,i
Science,m,a
Science,s,h
Science,s,h
Science,s,t
Science,c,o
Science,a,t
Science,r,e
Science,b,o
Science,k,i
Science,b,l
Science,h,o
Science,e,n
Science,f,i
Science,d,e
Science,d,e
Science,g,u
Science,d,e
Science,s,i
Science,l,i
Science,d,e
Science,s,n
Science,b,a
Science,h,e
Science,k,i
Science,b,o
Science,e,s
Science,f,i
Science,d,i
Science,r,e
Science,b,i
Science,d,i
Science,d,a
Science,b,i
Science,b,l
Science,n,a
Science,a,s
Science,b,l
Science,t,a
Science,t,o
Science,b,r
Science,f,e
Science,b,o
Science,f,i
Science,b,u
Science,b,o
Science,b,o
Science,s,e
Science,d,i
Science,p,i
Science,f,u
Science,g,o
Science,c,r
Science,s,h
Science,f,u
Science,l,a
Science,c,o
Science,k,i
Science,a,s
Science,r,a
Science,c,r
Science,k,i
Science,r,e
Science,f,a
Science,d,i
Science,d,i
Science,s,t
Science,g,r
Science,k,i
Science,s,u
Science,f,a
Science,w,e
Science,b,i
Science,f,a
Science,s,w
Science,s,p
Science,k,n
Science,g,i
Science,d,e
Science,n,a
Science,s,l
Science,e,x
Science,s,u
Science,r,a
Science,c,r
Science,g,o
Science,a,s
Science,g,o
Science,b,i
Science,b,u
Science,p,u
Science,v,i
Science,m,o
Science,h,i
Science,s,h
Science,a,n
Science,t,i
Science,p,i
Science,b,u
Science,f,a
Science,s,m
Science,p,e
Science,d,r
Science,p,e
Science,e,r
Science,b,e
Science,v,i
Science,d,i
Science,s,e
Science,p,e
Science,h,o
Science,c,h
Science,v,o
Science,c,o
Science,j,o
Science,b,a
Science,d,i
Science,b,u
Science,d,u
Science,n,a
Science,t,e
Science,s,c
Science,f,o
Science,c,r
Science,c,e
Science,w,e
Science,g,a
Science,c,h
Science,g,a
Science,l,o
Science,i,l
Science,s,e
Science,b,a
Science,c,r
Science,n,u
Science,h,o
Science,h,o
Science,w,o
Science,p,r
Science,l,i
Science,p,i
Science,p,r
Science,s,c
Science,p,u
Science,b,l
Science,a,s
Science,b,o
Science,f,a
Science,a,m
Science,t,o
Science,b,a
Science,h,o
Science,s,n
Science,c,r
Science,m,o
Science,s,u
Science,a,s
Science,r,a
Science,w,h
Science,j,i
Science,t,i
Science,s,e
Science,p,e
Science,s,h
Science,d,r
Science,w,h
Science,f,e
Science,f,u
Science,f,u
Science,s,h
Science,h,a
Science,a,d
Science,p,o
Science,t,e
Science,f,u
Science,o,r
Science,w,h
Science,c,o
Science,e,x
Science,c,o
Science,d,e
Science,e,x
Science,s,p
Science,h,i
Science,t,o
Science,c,o
Science,b,u
Science,f,a
Science,i,d
Science,h,o
Science,i,t
Science,u,r
Science,w,h
Science,p,r
Science,p,o
Science,d,i
Science,m,u
Science,n,u
Science,f,u
Science,l,i
Science,a,r
Science,s,p
Science,c,r
Science,a,b
Science,t,r
Science,c,h
Science,p,o
Science,d,o
Science,l,i
Science,d,e
Science,s,a
Science,s,l
Science,f,u
Science,s,h
Science,s,h
Science,t,u
Science,p,e
Science,s,h
Science,g,i
Science,a,r
Science,w,h
Science,a,s
Science,p,r
Science,h,o
Science,d,i
Science,s,l
Science,c,r
Science,e,x
Science,u,r
Science,c,i
Science,b,o
Science,s,e
Science,r,a
Science,s,o
Science,l,y
Science,e,x
Science,e,x
Science,o,r
Science,m,o
Science,j,a
Science,a,s
Science,p,o
Science,a,s
Science,r,a
Science,a,r
Science,c,r
Science,t,i
Science,m,o
Science,p,e
Science,q,u
Science,t,i
Science,s,l
Science,f,u
Science,p,o
Science,b,i
Science,c,a
Science,c,o
Science,w,o
Science,g,e
Science,t,w
Science,h,o
Science,o,r
Science,c,o
Science,d,r
Science,w,h
Science,c,o
Science,i,n
Science,l,o
Science,t,r
Science,x,x
Science,d,o
Science,h,o
Science,b,l
Science,d,y
Science,i,n
Science,c,u
Science,c,u
Science,o,r
Science,s,h
Science,f,a
Science,h,o
Science,f,a
Science,r,e
Science,v,a
Science,c,l
Science,b,i
Science,p,e
Science,n,i
Science,s,i
Science,c,o
Science,p,i
Science,p,i
Science,s,t
Science,e,t
Science,m,i
Science,s,c
Science,r,e
Science,h,i
Science,b,r
Science,f,r
Science,l,e
Science,n,o
Science,u,t
Science,m,u
Science,b,i
Science,r,a
Science,p,e
Science,j,i
Science,b,l
Science,t,a
Science,c,o
Science,s,e
Science,p,o
Science,c,r
Science,b,o
Science,g,r
Science,h,e
Science,g,o
Science,f,a
Science,n,i
Science,f,o
Science,r,i
Science,l,i
Science,d,a
Science,e,r
Science,c,o
Science,w,i
Science,t,e
Science,h,e
Science,c,h
Science,a,d
Science,h,o
Science,s,l
Science,m,a
Science,a,n
Science,s,n
Science,h,e
Science,p,u
Science,d,i
Science,w,u
Science,h,a
Science,f,o
Science,c,r
Science,p,r
Science,d,i
Science,d,i
Science,r,e
genre,bad word,number of appearance
Romance,d,a
Romance,h,e
Romance,c,r
Romance,d,i
Romance,s,h
Romance,t,o
Romance,l,a
Romance,k,i
Romance,b,u
Romance,h,o
Romance,a,s
Romance,s,t
Romance,f,a
Romance,s,i
Romance,d,e
Romance,f,u
Romance,d,i
Romance,f,u
Romance,f,u
Romance,k,i
Romance,n,a
Romance,a,n
Romance,k,i
Romance,s,h
Romance,v,i
Romance,a,s
Romance,s,e
Romance,f,u
Romance,b,u
Romance,c,r
Romance,f,i
Romance,b,u
Romance,w,o
Romance,s,h
Romance,p,o
Romance,f,i
Romance,s,c
Romance,m,o
Romance,h,o
Romance,b,l
Romance,k,i
Romance,d,i
Romance,l,i
Romance,c,r
Romance,l,i
Romance,k,i
Romance,b,l
Romance,t,i
Romance,d,e
Romance,f,e
Romance,h,a
Romance,n,u
Romance,j,i
Romance,r,a
Romance,d,e
Romance,a,s
Romance,a,t
Romance,t,e
Romance,c,h
Romance,c,h
Romance,f,a
Romance,e,n
Romance,c,o
Romance,f,a
Romance,g,i
Romance,l,i
Romance,b,e
Romance,c,o
Romance,s,t
Romance,r,e
Romance,s,e
Romance,w,e
Romance,s,n
Romance,n,a
Romance,d,r
Romance,j,o
Romance,l,o
Romance,b,l
Romance,b,i
Romance,b,u
Romance,c,o
Romance,p,i
Romance,r,e
Romance,d,u
Romance,d,e
Romance,a,d
Romance,h,o
Romance,a,m
Romance,g,r
Romance,g,o
Romance,h,o
Romance,g,o
Romance,r,a
Romance,j,a
Romance,d,e
Romance,s,l
Romance,m,a
Romance,d,i
Romance,s,u
Romance,w,h
Romance,s,e
Romance,d,i
Romance,s,l
Romance,t,o
Romance,t,w
Romance,s,p
Romance,d,e
Romance,i,l
Romance,s,u
Romance,k,i
Romance,b,a
Romance,c,o
Romance,d,e
Romance,c,o
Romance,l,i
Romance,k,i
Romance,c,o
Romance,n,i
Romance,m,u
Romance,d,i
Romance,s,w
Romance,c,r
Romance,g,i
Romance,a,s
Romance,m,o
Romance,t,o
Romance,p,o
Romance,w,h
Romance,f,a
Romance,f,i
Romance,b,a
Romance,s,p
Romance,b,o
Romance,g,o
Romance,m,a
Romance,d,i
Romance,d,o
Romance,g,u
Romance,c,i
Romance,r,e
Romance,p,r
Romance,i,d
Romance,k,n
Romance,p,e
Romance,b,i
Romance,s,u
Romance,a,b
Romance,e,x
Romance,j,a
Romance,e,x
Romance,s,c
Romance,b,i
Romance,d,r
Romance,w,e
Romance,a,s
Romance,a,r
Romance,h,o
Romance,g,e
Romance,b,o
Romance,c,r
Romance,g,a
Romance,f,a
Romance,p,u
Romance,i,n
Romance,a,n
Romance,f,e
Romance,c,o
Romance,h,y
Romance,s,p
Romance,s,e
Romance,m,i
Romance,d,r
Romance,c,o
Romance,b,r
Romance,p,i
Romance,p,o
Romance,s,n
Romance,b,o
Romance,c,a
Romance,p,r
Romance,u,t
Romance,c,r
Romance,c,a
Romance,v,i
Romance,p,a
Romance,w,o
Romance,p,e
Romance,h,i
Romance,a,s
Romance,g,r
Romance,n,i
Romance,p,i
Romance,p,i
Romance,w,h
Romance,b,i
Romance,m,u
Romance,f,a
Romance,a,s
Romance,c,r
Romance,t,e
Romance,a,m
Romance,f,a
Romance,e,x
Romance,f,a
Romance,s,m
Romance,c,r
Romance,l,e
Romance,s,k
Romance,h,o
Romance,p,a
Romance,b,o
Romance,b,o
Romance,r,a
Romance,r,a
Romance,d,i
Romance,c,e
Romance,d,i
Romance,p,r
Romance,h,o
Romance,r,e
Romance,p,l
Romance,f,o
Romance,m,o
Romance,s,q
Romance,f,u
Romance,t,i
Romance,f,u
Romance,e,s
Romance,r,u
Romance,p,a
Romance,t,r
Romance,c,r
Romance,f,u
Romance,e,r
Romance,b,o
Romance,r,a
Romance,w,h
Romance,s,l
Romance,s,o
Romance,s,n
Romance,c,h
Romance,p,r
Romance,a,d
Romance,c,u
Romance,t,a
Romance,s,i
Romance,h,o
Romance,b,i
Romance,c,o
Romance,q,u
Romance,p,i
Romance,m,o
Romance,b,o
Romance,s,e
Romance,o,r
Romance,b,r
Romance,t,u
Romance,p,e
Romance,s,h
Romance,p,o
Romance,c,o
Romance,r,a
Romance,s,w
Romance,p,u
Romance,s,p
Romance,e,t
Romance,u,r
Romance,j,i
Romance,t,i
Romance,p,e
Romance,s,h
Romance,r,o
Romance,b,r
Romance,p,r
Romance,o,r
Romance,v,o
Romance,b,a
Romance,w,h
Romance,d,i
Romance,b,a
Romance,c,r
Romance,h,o
Romance,f,r
Romance,j,e
Romance,c,h
Romance,i,t
Romance,a,r
Romance,d,i
Romance,l,o
Romance,c,o
Romance,w,h
Romance,w,h
Romance,s,h
Romance,s,c
Romance,b,u
Romance,f,a
Romance,s,e
Romance,n,u
Romance,n,o
Romance,h,o
Romance,s,l
Romance,b,i
Romance,c,o
Romance,h,a
Romance,c,o
Romance,f,a
Romance,c,o
Romance,c,o
Romance,s,n
Romance,s,l
Romance,h,u
Romance,b,o
Romance,f,o
Romance,w,u
Romance,f,u
Romance,f,u
Romance,n,i
Romance,d,o
Romance,b,l
Romance,c,u
Romance,h,o
Romance,b,e
Romance,n,i
Romance,s,h
Romance,p,o
Romance,n,i
Romance,n,i
Romance,n,e
Romance,t,i
Romance,h,u
Romance,d,i
Romance,b,o
Romance,h,e
Romance,f,o
Romance,p,e
Romance,m,a
Romance,s,t
Romance,a,l
Romance,h,u
Romance,r,e
Romance,o,r
Romance,s,h
Romance,m,a
Romance,m,a
Romance,b,a
Romance,d,o
Romance,b,i
Romance,h,u
Romance,w,a
Romance,p,u
Romance,d,a
Romance,b,o
Romance,r,e
Romance,j,u
Romance,h,i
Romance,s,p
Romance,p,o
Romance,r,a
Romance,f,l
Romance,p,u
Romance,h,o
Romance,f,a
Romance,o,r
Romance,l,y
Romance,b,l
Romance,b,i
Romance,a,s
Romance,e,x
Romance,u,r
Romance,k,i
Romance,c,o
Romance,t,w
Romance,e,r
Romance,t,e
Romance,g,y
Romance,p,a
Romance,l,i
Romance,b,a
Romance,u,r
Romance,i,n
Romance,q,u
Romance,d,o
Romance,p,u
Romance,w,e
Romance,t,r
Romance,h,e
Romance,n,y
Romance,h,e
Romance,l,e
Romance,s,c
Romance,m,u
Romance,v,a
Romance,s,e
Romance,v,a
Romance,a,n
Romance,s,p
Romance,m,u
Romance,r,e
Romance,r,a
Romance,b,u
Romance,g,e
Romance,p,r
Romance,s,l
Romance,h,o
Romance,t,i
Romance,h,o
Romance,p,i
Romance,c,h
Romance,p,e
Romance,p,o
Romance,e,x
Romance,s,l
Romance,s,o
Romance,b,o
Romance,a,r
Romance,a,r
Romance,p,e
Romance,r,a
Romance,p,r
Romance,p,e
Romance,f,u
Romance,t,e
Romance,c,o
Romance,n,a
Romance,s,t
Romance,j,a
Romance,c,r
Romance,m,o
Romance,b,o
Romance,s,n
Romance,b,e
Romance,h,e
Romance,n,e
Romance,m,o
Romance,a,b
Romance,d,a
Romance,b,l
Romance,s,h
Romance,r,o
Romance,h,o
Romance,g,o
Romance,s,o
Romance,b,a
Romance,b,o
Romance,e,n
Romance,h,e
Romance,d,i
Romance,e,j
Romance,m,o
Romance,w,h
Romance,b,a
Romance,h,e
Romance,s,y
Romance,m,o
Romance,s,k
Romance,g,o
Romance,a,f
Romance,f,o
Romance,c,r
Romance,d,i
Romance,s,l
Romance,g,o
Romance,v,i
Romance,v,u
Romance,w,a
Romance,h,i
Romance,j,e
Romance,d,y
Romance,s,h
Romance,t,o
Romance,e,j
Romance,p,o
Romance,s,l
Romance,m,e
Romance,w,a
Romance,g,e
Romance,p,l
Romance,e,j
Romance,d,a
Romance,p,e
Romance,t,h
Romance,a,d
Romance,s,c
Romance,j,e
genre,bad word,number of appearance
Mystery,d,e
Mystery,s,h
Mystery,k,i
Mystery,d,i
Mystery,f,i
Mystery,b,l
Mystery,c,o
Mystery,m,u
Mystery,s,c
Mystery,g,o
Mystery,s,h
Mystery,t,r
Mystery,h,e
Mystery,g,o
Mystery,w,e
Mystery,d,o
Mystery,h,e
Mystery,d,i
Mystery,s,e
Mystery,s,i
Mystery,k,i
Mystery,t,o
Mystery,k,i
Mystery,k,i
Mystery,c,r
Mystery,s,w
Mystery,c,r
Mystery,d,e
Mystery,e,x
Mystery,k,i
Mystery,e,n
Mystery,d,r
Mystery,m,a
Mystery,h,o
Mystery,f,i
Mystery,m,e
Mystery,k,i
Mystery,b,i
Mystery,b,u
Mystery,p,i
Mystery,p,i
Mystery,a,t
Mystery,s,c
Mystery,g,u
Mystery,g,o
Mystery,b,i
Mystery,d,i
Mystery,k,n
Mystery,f,u
Mystery,f,u
Mystery,f,u
Mystery,f,u
Mystery,d,e
Mystery,d,a
Mystery,s,p
Mystery,a,s
Mystery,d,e
Mystery,b,u
Mystery,d,u
Mystery,b,l
Mystery,f,e
Mystery,p,e
Mystery,b,u
Mystery,a,n
Mystery,v,o
Mystery,f,a
Mystery,c,r
Mystery,r,e
Mystery,c,h
Mystery,s,t
Mystery,b,l
Mystery,b,u
Mystery,b,a
Mystery,s,e
Mystery,d,i
Mystery,w,o
Mystery,g,i
Mystery,l,a
Mystery,d,e
Mystery,s,u
Mystery,s,e
Mystery,l,i
Mystery,h,o
Mystery,b,a
Mystery,b,o
Mystery,e,s
Mystery,d,i
Mystery,r,e
Mystery,b,i
Mystery,b,l
Mystery,q,u
Mystery,t,o
Mystery,c,i
Mystery,b,i
Mystery,t,o
Mystery,f,a
Mystery,b,a
Mystery,f,u
Mystery,b,i
Mystery,a,b
Mystery,b,a
Mystery,l,o
Mystery,p,i
Mystery,j,o
Mystery,f,u
Mystery,c,r
Mystery,d,i
Mystery,a,s
Mystery,c,o
Mystery,m,o
Mystery,r,a
Mystery,c,r
Mystery,f,a
Mystery,p,i
Mystery,j,e
Mystery,v,i
Mystery,s,m
Mystery,s,u
Mystery,r,a
Mystery,v,i
Mystery,s,e
Mystery,i,d
Mystery,a,d
Mystery,g,o
Mystery,m,u
Mystery,d,r
Mystery,s,u
Mystery,s,w
Mystery,s,h
Mystery,s,o
Mystery,q,u
Mystery,d,i
Mystery,b,o
Mystery,t,e
Mystery,h,o
Mystery,a,m
Mystery,f,a
Mystery,p,o
Mystery,n,a
Mystery,h,a
Mystery,w,e
Mystery,f,a
Mystery,e,x
Mystery,f,a
Mystery,c,r
Mystery,c,r
Mystery,d,r
Mystery,f,i
Mystery,w,h
Mystery,b,r
Mystery,h,o
Mystery,l,o
Mystery,c,r
Mystery,f,r
Mystery,b,o
Mystery,c,h
Mystery,p,o
Mystery,b,l
Mystery,c,r
Mystery,h,o
Mystery,i,l
Mystery,d,i
Mystery,c,a
Mystery,n,a
Mystery,d,o
Mystery,w,o
Mystery,b,o
Mystery,t,a
Mystery,s,l
Mystery,s,e
Mystery,s,l
Mystery,p,e
Mystery,c,o
Mystery,w,h
Mystery,s,n
Mystery,f,a
Mystery,h,o
Mystery,t,u
Mystery,p,u
Mystery,d,a
Mystery,b,o
Mystery,t,a
Mystery,c,o
Mystery,p,o
Mystery,r,e
Mystery,t,i
Mystery,r,a
Mystery,c,h
Mystery,g,a
Mystery,g,i
Mystery,r,e
Mystery,l,i
Mystery,s,h
Mystery,c,o
Mystery,s,i
Mystery,h,o
Mystery,h,o
Mystery,h,o
Mystery,p,o
Mystery,s,h
Mystery,a,b
Mystery,a,s
Mystery,m,o
Mystery,c,r
Mystery,f,u
Mystery,p,r
Mystery,g,r
Mystery,l,i
Mystery,j,a
Mystery,n,a
Mystery,w,h
Mystery,n,i
Mystery,s,e
Mystery,s,h
Mystery,c,o
Mystery,o,r
Mystery,c,o
Mystery,e,x
Mystery,e,x
Mystery,a,s
Mystery,t,e
Mystery,b,u
Mystery,a,b
Mystery,r,e
Mystery,c,o
Mystery,h,o
Mystery,m,a
Mystery,d,o
Mystery,b,o
Mystery,h,e
Mystery,k,i
Mystery,d,e
Mystery,a,d
Mystery,c,o
Mystery,h,a
Mystery,b,e
Mystery,c,o
Mystery,b,l
Mystery,t,r
Mystery,c,e
Mystery,h,o
Mystery,a,s
Mystery,n,i
Mystery,b,u
Mystery,e,x
Mystery,p,o
Mystery,c,u
Mystery,p,r
Mystery,v,i
Mystery,h,o
Mystery,o,r
Mystery,c,u
Mystery,s,l
Mystery,c,o
Mystery,m,o
Mystery,b,o
Mystery,j,i
Mystery,l,e
Mystery,p,i
Mystery,a,s
Mystery,m,o
Mystery,a,d
Mystery,f,u
Mystery,s,h
Mystery,v,a
Mystery,s,q
Mystery,s,n
Mystery,b,u
Mystery,g,y
Mystery,h,u
Mystery,p,e
Mystery,w,h
Mystery,r,e
Mystery,s,t
Mystery,a,n
Mystery,a,s
Mystery,i,n
Mystery,h,e
Mystery,a,r
Mystery,p,e
Mystery,e,r
Mystery,r,a
Mystery,g,e
Mystery,c,h
Mystery,u,r
Mystery,u,t
Mystery,p,u
Mystery,c,o
Mystery,a,r
Mystery,p,r
Mystery,b,a
Mystery,f,i
Mystery,s,h
Mystery,h,o
Mystery,t,w
Mystery,o,r
Mystery,d,i
Mystery,t,i
Mystery,p,u
Mystery,p,a
Mystery,a,s
Mystery,u,r
Mystery,h,o
Mystery,d,y
Mystery,c,u
Mystery,f,a
Mystery,o,r
Mystery,n,u
Mystery,v,a
Mystery,c,l
Mystery,b,i
Mystery,p,e
Mystery,p,r
Mystery,s,l
Mystery,d,o
Mystery,s,p
Mystery,l,i
Mystery,h,i
Mystery,b,r
Mystery,r,a
Mystery,t,i
Mystery,f,a
Mystery,m,a
Mystery,j,a
Mystery,m,i
Mystery,p,e
Mystery,h,i
Mystery,l,i
Mystery,r,u
Mystery,t,r
Mystery,p,r
Mystery,d,e
Mystery,n,i
Mystery,c,o
Mystery,p,e
Mystery,w,h
Mystery,c,r
Mystery,m,o
Mystery,b,o
Mystery,g,r
Mystery,i,t
Mystery,w,h
Mystery,s,t
Mystery,m,e
Mystery,l,o
Mystery,w,e
Mystery,b,o
Mystery,u,k
Mystery,b,e
Mystery,s,c
Mystery,f,a
Mystery,g,a
Mystery,f,o
Mystery,c,o
Mystery,p,u
Mystery,s,p
Mystery,w,e
Mystery,m,u
Mystery,a,l
Mystery,m,o
Mystery,r,o
Mystery,w,a
Mystery,r,a
Mystery,e,j
Mystery,l,a
Mystery,c,o
Mystery,d,a
Mystery,b,o
Mystery,e,t
Mystery,p,i
Mystery,p,o
Mystery,s,l
Mystery,l,y
Mystery,n,i
Mystery,n,o
Mystery,s,w
Mystery,r,a
Mystery,l,e
Mystery,a,n
Mystery,d,i
Mystery,w,u
genre,bad word,number of appearance
Music,v,i
Music,a,s
Music,s,e
Music,f,u
Music,b,u
Music,c,r
Music,f,i
Music,f,u
Music,b,u
Music,w,o
Music,d,e
Music,s,h
Music,s,i
Music,p,o
Music,c,r
Music,f,i
Music,s,c
Music,m,o
Music,h,o
Music,f,u
Music,s,t
Music,b,l
Music,k,i
Music,f,a
Music,d,i
Music,l,i
Music,c,r
Music,l,i
Music,k,i
Music,b,l
Music,k,i
Music,d,i
Music,g,i
Music,b,l
Music,d,i
Music,l,a
Music,j,o
Music,k,n
Music,d,i
Music,a,s
Music,h,o
Music,h,e
Music,d,r
Music,r,o
Music,c,r
Music,p,i
Music,s,e
Music,d,o
Music,r,e
Music,d,e
Music,t,o
Music,k,i
Music,g,o
Music,s,h
Music,d,a
Music,k,i
Music,f,a
Music,a,n
Music,b,o
Music,m,a
Music,s,e
Music,f,u
Music,i,d
Music,s,l
Music,k,i
Music,p,o
Music,d,e
Music,n,a
Music,b,i
Music,w,o
Music,f,i
Music,d,i
Music,g,i
Music,f,e
Music,f,o
Music,c,i
Music,c,h
Music,f,a
Music,t,a
Music,b,o
Music,c,r
Music,m,a
Music,b,e
Music,e,t
Music,p,e
Music,b,r
Music,b,o
Music,c,r
Music,t,r
Music,g,a
Music,d,e
Music,b,i
Music,b,u
Music,e,n
Music,q,u
Music,b,i
Music,r,u
Music,d,r
Music,n,a
Music,w,h
Music,f,a
Music,w,e
Music,t,o
Music,t,o
Music,b,u
Music,c,o
Music,a,t
Music,d,u
Music,d,r
Music,s,w
Music,h,a
Music,d,i
Music,p,i
Music,s,h
Music,p,i
Music,t,i
Music,p,r
Music,c,o
Music,s,h
Music,s,t
Music,s,p
Music,c,h
Music,b,a
Music,l,i
Music,p,o
Music,s,p
Music,r,e
Music,m,i
Music,p,e
Music,p,a
Music,g,u
Music,d,o
Music,b,l
Music,s,e
Music,c,a
Music,c,o
Music,r,a
Music,s,k
Music,n,i
Music,d,i
Music,a,s
Music,p,u
Music,s,u
Music,d,e
Music,c,h
Music,e,s
Music,c,o
Music,d,i
Music,b,a
Music,g,r
Music,s,u
Music,s,m
Music,w,a
Music,s,n
Music,c,r
Music,m,u
Music,a,r
Music,p,e
Music,p,i
Music,d,e
Music,g,o
Music,b,o
Music,p,u
Music,b,o
Music,a,s
Music,a,s
Music,c,a
Music,c,o
Music,w,h
Music,s,w
Music,w,h
Music,b,a
Music,a,d
Music,s,l
Music,d,e
Music,w,h
Music,b,o
Music,l,i
Music,g,e
Music,l,o
Music,a,r
Music,c,u
Music,a,r
Music,f,a
Music,h,o
Music,p,a
Music,f,a
Music,h,o
Music,h,o
Music,b,r
Music,s,u
Music,a,d
Music,c,o
Music,c,o
Music,l,i
Music,v,i
Music,w,e
Music,h,o
Music,c,o
Music,c,o
Music,h,e
Music,f,u
Music,c,o
Music,t,i
Music,s,t
Music,a,l
Music,f,a
Music,d,i
Music,r,a
Music,d,i
Music,m,o
Music,w,a
Music,t,w
Music,t,r
Music,i,t
Music,l,i
Music,b,e
Music,c,r
Music,p,e
Music,n,i
Music,a,m
Music,r,e
Music,f,u
Music,m,u
Music,w,h
Music,h,e
Music,p,u
Music,n,i
Music,m,o
Music,o,r
Music,a,s
Music,c,r
Music,m,o
Music,p,e
Music,v,a
Music,l,e
Music,p,u
Music,l,y
Music,k,i
Music,s,n
Music,s,h
Music,s,h
Music,s,h
Music,p,i
Music,s,k
Music,b,i
Music,b,a
Music,u,r
Music,d,a
Music,a,b
Music,e,r
Music,j,a
Music,r,e
Music,p,o
Music,p,i
Music,s,q
Music,c,o
Music,s,l
Music,a,n
Music,s,e
Music,p,r
Music,s,l
Music,n,i
Music,c,e
Music,h,o
Music,p,i
Music,i,l
Music,r,a
Music,n,i
Music,p,e
Music,f,a
Music,t,a
Music,u,r
Music,b,o
Music,s,h
Music,h,u
Music,m,u
Music,s,o
Music,g,y
Music,a,b
Music,g,o
Music,b,u
Music,p,o
Music,d,a
Music,r,o
Music,s,l
Music,v,o
Music,n,e
Music,l,o
Music,r,a
Music,h,o
Music,s,m
Music,g,o
Music,b,l
Music,m,o
Music,s,n
Music,n,u
Music,c,o
Music,m,e
Music,h,o
Music,e,x
Music,s,c
Music,s,o
Music,a,d
Music,s,h
Music,i,n
Music,g,o
Music,f,a
Music,p,o
Music,b,i
Music,b,i
Music,s,l
Music,s,c
Music,p,r
Music,b,i
Music,d,o
Music,c,h
Music,e,j
Music,b,o
Music,b,o
Music,h,u
Music,t,i
Music,s,p
Music,t,e
Music,f,o
Music,e,x
Music,d,o
Music,m,a
Music,h,o
Music,e,x
Music,o,r
Music,f,u
Music,f,u
Music,b,l
Music,s,p
Music,r,a
Music,b,o
Music,v,i
Music,f,r
Music,c,o
Music,r,a
Music,p,l
Music,b,a
Music,h,o
Music,f,u
genre,bad word,number of appearance
Horror,d,i
Horror,k,i
Horror,k,n
Horror,f,u
Horror,k,i
Horror,h,e
Horror,f,u
Horror,f,u
Horror,f,u
Horror,d,i
Horror,d,e
Horror,d,a
Horror,b,u
Horror,k,i
Horror,k,i
Horror,s,p
Horror,a,s
Horror,d,e
Horror,b,u
Horror,d,u
Horror,b,l
Horror,f,e
Horror,f,i
Horror,p,e
Horror,b,u
Horror,a,n
Horror,v,o
Horror,s,c
Horror,m,a
Horror,d,e
Horror,f,a
Horror,c,r
Horror,s,h
Horror,r,e
Horror,c,h
Horror,d,i
Horror,s,i
Horror,k,i
Horror,s,t
Horror,b,l
Horror,b,u
Horror,b,a
Horror,a,t
Horror,d,e
Horror,d,i
Horror,f,a
Horror,b,l
Horror,s,l
Horror,t,o
Horror,g,u
Horror,d,e
Horror,m,u
Horror,g,o
Horror,r,e
Horror,e,n
Horror,m,o
Horror,t,o
Horror,b,a
Horror,i,d
Horror,b,l
Horror,l,a
Horror,s,h
Horror,g,o
Horror,a,s
Horror,s,h
Horror,b,i
Horror,b,i
Horror,h,o
Horror,f,a
Horror,f,i
Horror,b,r
Horror,h,o
Horror,b,o
Horror,b,o
Horror,s,e
Horror,d,i
Horror,p,i
Horror,c,r
Horror,c,o
Horror,r,a
Horror,c,r
Horror,c,r
Horror,c,r
Horror,b,a
Horror,b,e
Horror,b,l
Horror,g,i
Horror,e,s
Horror,c,r
Horror,h,o
Horror,c,i
Horror,w,h
Horror,a,s
Horror,s,e
Horror,d,e
Horror,s,u
Horror,a,r
Horror,w,o
Horror,c,r
Horror,j,e
Horror,e,x
Horror,v,i
Horror,s,e
Horror,f,u
Horror,r,a
Horror,v,i
Horror,g,o
Horror,a,d
Horror,w,e
Horror,l,i
Horror,w,h
Horror,b,i
Horror,n,a
Horror,m,u
Horror,s,u
Horror,d,i
Horror,p,e
Horror,h,o
Horror,c,h
Horror,p,i
Horror,s,p
Horror,h,o
Horror,s,h
Horror,s,e
Horror,k,i
Horror,e,x
Horror,l,i
Horror,d,r
Horror,s,p
Horror,c,e
Horror,w,e
Horror,c,r
Horror,e,x
Horror,f,i
Horror,c,a
Horror,p,r
Horror,d,i
Horror,j,a
Horror,n,a
Horror,g,a
Horror,l,o
Horror,f,l
Horror,c,o
Horror,r,a
Horror,m,o
Horror,f,r
Horror,b,o
Horror,s,w
Horror,p,o
Horror,i,l
Horror,b,a
Horror,r,e
Horror,n,u
Horror,h,o
Horror,g,r
Horror,f,a
Horror,f,a
Horror,a,s
Horror,b,o
Horror,a,s
Horror,h,o
Horror,b,o
Horror,d,o
Horror,s,t
Horror,a,m
Horror,f,o
Horror,d,r
Horror,s,l
Horror,s,u
Horror,s,n
Horror,t,e
Horror,s,t
Horror,s,m
Horror,t,o
Horror,s,n
Horror,c,r
Horror,m,o
Horror,c,u
Horror,p,o
Horror,q,u
Horror,t,i
Horror,d,i
Horror,c,o
Horror,s,l
Horror,d,i
Horror,b,o
Horror,h,i
Horror,w,h
Horror,g,i
Horror,h,e
Horror,j,e
Horror,s,h
Horror,h,o
Horror,p,e
Horror,b,r
Horror,t,e
Horror,a,s
Horror,t,i
Horror,p,e
Horror,n,i
Horror,j,o
Horror,a,b
Horror,m,o
Horror,p,o
Horror,c,r
Horror,c,o
Horror,b,a
Horror,s,n
Horror,c,o
Horror,h,a
Horror,r,o
Horror,u,r
Horror,t,u
Horror,d,e
Horror,p,i
Horror,h,i
Horror,p,o
Horror,s,c
Horror,l,i
Horror,p,u
Horror,p,u
Horror,d,o
Horror,c,h
Horror,p,o
Horror,n,i
Horror,l,o
Horror,b,o
Horror,l,o
Horror,b,r
Horror,f,u
Horror,c,r
Horror,f,u
Horror,d,i
Horror,w,h
Horror,d,o
Horror,d,r
Horror,g,e
Horror,a,d
Horror,g,o
Horror,f,u
Horror,s,q
Horror,a,b
Horror,t,r
Horror,i,t
Horror,l,i
Horror,s,e
Horror,f,a
Horror,l,i
Horror,o,r
Horror,s,l
Horror,m,a
Horror,f,a
Horror,a,s
Horror,j,u
Horror,s,a
Horror,p,e
Horror,p,u
Horror,r,a
Horror,t,r
Horror,c,o
Horror,b,o
Horror,a,m
Horror,c,o
Horror,i,n
Horror,h,e
Horror,e,r
Horror,p,e
Horror,o,r
Horror,r,e
Horror,h,o
Horror,b,i
Horror,s,p
Horror,c,r
Horror,t,i
Horror,g,y
Horror,h,o
Horror,f,i
Horror,u,t
Horror,s,e
Horror,c,o
Horror,a,r
Horror,t,i
Horror,u,r
Horror,p,o
Horror,l,e
Horror,j,a
Horror,w,h
Horror,p,i
Horror,f,e
Horror,a,n
Horror,h,i
Horror,f,a
Horror,h,e
Horror,h,o
Horror,e,x
Horror,n,i
Horror,s,i
Horror,c,o
Horror,n,u
Horror,p,i
Horror,s,t
Horror,p,e
Horror,b,u
Horror,a,s
Horror,b,o
Horror,l,y
Horror,s,h
Horror,t,a
Horror,s,h
Horror,v,a
Horror,g,r
Horror,r,o
Horror,e,u
Horror,r,a
Horror,c,a
Horror,l,a
Horror,b,a
Horror,p,r
Horror,w,u
Horror,s,c
Horror,b,l
Horror,s,y
Horror,c,o
Horror,e,x
Horror,u,k
Horror,s,w
Horror,f,o
Horror,r,i
Horror,p,a
Horror,l,i
Horror,m,e
Horror,s,p
Horror,o,r
Horror,u,r
Horror,p,r
Horror,c,u
Horror,m,u
Horror,a,l
Horror,g,o
Horror,c,h
Horror,e,j
Horror,c,o
Horror,w,i
Horror,b,i
Horror,j,i
Horror,a,d
Horror,c,h
Horror,f,a
Horror,f,u
Horror,c,h
Horror,s,e
Horror,s,l
Horror,s,h
Horror,c,o
Horror,d,u
Horror,p,i
Horror,m,o
Horror,o,r
Horror,s,l
Horror,h,o
Horror,s,h
Horror,n,o
Horror,q,u
Horror,f,o
Horror,e,n
Horror,b,a
Horror,d,i
Horror,d,y
Horror,p,r
genre,bad word,number of appearance
History,s,w
History,a,s
History,d,e
History,s,h
History,b,a
History,a,s
History,g,i
History,d,a
History,d,i
History,u,r
History,v,i
History,h,e
History,k,i
History,k,i
History,f,u
History,d,i
History,h,o
History,a,s
History,b,i
History,d,i
History,f,a
History,f,i
History,c,h
History,s,e
History,d,i
History,d,e
History,s,i
History,c,h
History,f,a
History,b,l
History,s,o
History,f,i
History,p,e
History,d,e
History,t,o
History,k,i
History,l,i
History,k,n
History,b,u
History,k,i
History,p,o
History,s,p
History,w,h
History,c,o
History,j,e
History,e,n
History,d,e
History,m,a
History,w,o
History,c,r
History,b,a
History,f,a
History,p,r
History,b,e
History,b,l
History,d,e
History,k,r
History,s,c
History,a,t
History,p,o
History,c,o
History,n,e
History,r,a
History,g,u
History,c,o
History,b,o
History,c,h
History,r,a
History,c,i
History,c,r
History,m,u
History,d,e
History,e,x
History,g,o
History,c,r
History,f,e
History,c,r
History,d,i
History,i,t
History,f,a
History,l,a
History,a,n
History,s,h
History,s,e
History,f,u
History,i,d
History,s,l
History,p,i
History,j,o
History,c,o
History,f,i
History,e,x
History,f,a
History,s,h
History,n,a
History,h,a
History,s,c
History,s,u
History,b,a
History,b,l
History,b,u
History,d,r
History,p,i
History,t,o
History,b,o
History,s,n
History,b,i
History,s,o
History,n,a
History,b,i
History,s,a
History,w,e
History,c,h
History,a,r
History,m,i
History,t,e
History,s,l
History,m,u
History,g,o
History,c,a
History,c,r
History,p,r
History,b,o
History,s,t
History,b,a
History,p,e
History,r,e
History,d,i
History,b,u
History,b,i
History,s,u
History,r,e
History,f,a
History,i,n
History,w,e
History,f,o
History,s,y
History,s,p
History,c,h
History,f,u
History,d,o
History,f,u
History,c,r
History,f,u
History,c,r
History,l,i
History,c,o
History,f,e
History,a,d
History,s,e
History,a,d
History,d,r
History,s,t
History,k,i
History,s,u
History,a,s
History,e,s
History,p,i
History,a,s
History,s,e
History,a,s
History,s,l
History,j,a
History,r,a
History,w,h
History,b,r
History,h,o
History,a,m
History,h,o
History,r,a
History,h,u
History,b,o
History,c,o
History,d,i
History,e,x
History,d,a
History,d,r
History,r,e
History,d,e
History,r,e
History,c,o
History,t,o
History,o,r
History,t,e
History,d,u
History,s,m
History,b,a
History,g,o
History,f,r
History,e,r
History,a,d
History,h,o
History,h,o
History,h,e
History,f,u
History,g,i
History,c,o
History,j,a
History,c,h
History,a,m
History,j,a
History,f,u
History,h,e
History,b,u
History,g,o
History,d,i
History,a,r
History,c,e
History,f,e
History,s,o
History,e,x
History,q,u
History,p,e
History,e,x
History,w,o
History,h,o
History,s,w
History,r,a
History,v,i
History,b,o
History,l,i
History,g,r
History,r,a
History,f,o
History,e,x
History,d,i
History,n,y
History,l,i
History,b,e
History,d,o
History,w,h
History,b,o
History,p,e
History,w,h
History,s,w
History,a,s
History,p,r
History,n,i
History,i,l
History,h,o
History,b,l
History,c,o
History,b,o
History,g,a
History,b,u
History,m,o
History,b,u
History,s,h
History,s,o
History,m,o
History,p,e
History,s,h
History,s,e
History,m,a
History,h,o
History,s,l
History,p,r
History,n,i
History,p,u
History,s,h
History,a,b
History,a,b
History,m,o
History,c,o
History,c,r
History,t,i
History,e,u
History,t,i
History,n,i
History,m,u
History,b,i
History,j,i
History,p,i
History,m,o
History,e,n
History,b,a
History,a,s
History,e,t
History,u,r
History,a,n
History,t,i
History,s,n
History,p,r
History,w,h
History,b,e
History,b,r
History,b,i
History,h,e
History,h,e
History,q,u
History,c,r
History,p,i
History,i,n
History,s,l
History,c,a
History,f,o
History,r,i
History,n,u
History,b,o
History,s,l
History,t,r
genre,bad word,number of appearance
Foreign,k,i
Foreign,d,e
Foreign,f,a
Foreign,c,r
Foreign,d,e
Foreign,h,e
Foreign,d,e
Foreign,c,r
Foreign,f,i
Foreign,h,o
Foreign,a,s
Foreign,b,l
Foreign,p,i
Foreign,d,a
Foreign,s,t
Foreign,b,i
Foreign,k,i
Foreign,s,c
Foreign,s,u
Foreign,k,i
Foreign,d,i
Foreign,d,i
Foreign,d,e
Foreign,w,e
Foreign,g,i
Foreign,h,a
Foreign,d,i
Foreign,p,o
Foreign,k,i
Foreign,k,i
Foreign,b,l
Foreign,d,e
Foreign,a,d
Foreign,f,u
Foreign,n,u
Foreign,d,e
Foreign,f,u
Foreign,c,r
Foreign,p,a
Foreign,s,i
Foreign,d,u
Foreign,d,e
Foreign,s,h
Foreign,h,o
Foreign,l,i
Foreign,b,u
Foreign,r,e
Foreign,s,m
Foreign,f,u
Foreign,m,u
Foreign,l,a
Foreign,f,a
Foreign,m,a
Foreign,l,i
Foreign,a,m
Foreign,b,l
Foreign,w,h
Foreign,t,o
Foreign,i,d
Foreign,s,e
Foreign,c,o
Foreign,f,i
Foreign,a,n
Foreign,d,i
Foreign,p,a
Foreign,r,a
Foreign,r,a
Foreign,c,o
Foreign,c,r
Foreign,b,a
Foreign,s,e
Foreign,g,a
Foreign,d,r
Foreign,s,p
Foreign,s,e
Foreign,w,o
Foreign,s,h
Foreign,g,r
Foreign,b,a
Foreign,v,i
Foreign,a,t
Foreign,b,o
Foreign,d,r
Foreign,w,e
Foreign,b,i
Foreign,a,s
Foreign,g,u
Foreign,f,a
Foreign,s,h
Foreign,n,a
Foreign,p,i
Foreign,a,d
Foreign,c,r
Foreign,c,h
Foreign,a,b
Foreign,n,a
Foreign,s,a
Foreign,f,e
Foreign,c,h
Foreign,b,u
Foreign,s,h
Foreign,p,o
Foreign,j,o
Foreign,s,u
Foreign,m,i
Foreign,k,i
Foreign,s,e
Foreign,e,n
Foreign,h,i
Foreign,c,o
Foreign,d,i
Foreign,t,o
Foreign,s,p
Foreign,p,r
Foreign,c,e
Foreign,f,e
Foreign,b,o
Foreign,g,o
Foreign,b,e
Foreign,f,i
Foreign,p,e
Foreign,r,a
Foreign,r,e
Foreign,s,e
Foreign,b,r
Foreign,t,o
Foreign,f,a
Foreign,c,o
Foreign,d,i
Foreign,k,n
Foreign,b,a
Foreign,g,o
Foreign,w,h
Foreign,r,a
Foreign,g,i
Foreign,d,i
Foreign,h,o
Foreign,r,e
Foreign,e,x
Foreign,i,n
Foreign,e,x
Foreign,b,i
Foreign,s,l
Foreign,m,u
Foreign,v,o
Foreign,s,l
Foreign,c,o
Foreign,f,u
Foreign,b,u
Foreign,b,u
Foreign,l,o
Foreign,b,r
Foreign,f,a
Foreign,p,r
Foreign,p,i
Foreign,d,o
Foreign,n,a
Foreign,n,i
Foreign,p,u
Foreign,d,r
Foreign,p,i
Foreign,p,o
Foreign,b,l
Foreign,f,u
Foreign,o,r
Foreign,t,i
Foreign,e,x
Foreign,c,r
Foreign,a,s
Foreign,s,c
Foreign,b,i
Foreign,t,e
Foreign,a,s
Foreign,a,r
Foreign,s,h
Foreign,p,r
Foreign,e,x
Foreign,f,a
Foreign,t,u
Foreign,f,u
Foreign,c,i
Foreign,r,a
Foreign,e,x
genre,bad word,number of appearance
Fantasy,s,h
Fantasy,d,i
Fantasy,a,n
Fantasy,f,a
Fantasy,f,i
Fantasy,h,a
Fantasy,b,a
Fantasy,k,i
Fantasy,n,a
Fantasy,b,i
Fantasy,b,l
Fantasy,k,i
Fantasy,b,o
Fantasy,d,e
Fantasy,b,l
Fantasy,f,e
Fantasy,k,i
Fantasy,d,o
Fantasy,g,i
Fantasy,s,i
Fantasy,s,i
Fantasy,d,u
Fantasy,h,o
Fantasy,w,h
Fantasy,k,i
Fantasy,f,i
Fantasy,s,h
Fantasy,k,i
Fantasy,d,e
Fantasy,k,n
Fantasy,g,i
Fantasy,b,l
Fantasy,d,e
Fantasy,b,r
Fantasy,m,a
Fantasy,c,r
Fantasy,h,e
Fantasy,d,a
Fantasy,b,u
Fantasy,d,r
Fantasy,h,o
Fantasy,d,i
Fantasy,c,r
Fantasy,b,i
Fantasy,j,o
Fantasy,d,e
Fantasy,c,r
Fantasy,a,t
Fantasy,f,a
Fantasy,s,t
Fantasy,b,u
Fantasy,a,s
Fantasy,h,o
Fantasy,r,o
Fantasy,c,r
Fantasy,s,e
Fantasy,p,i
Fantasy,s,e
Fantasy,s,c
Fantasy,r,e
Fantasy,t,o
Fantasy,f,u
Fantasy,g,o
Fantasy,s,h
Fantasy,h,o
Fantasy,f,a
Fantasy,g,u
Fantasy,h,o
Fantasy,b,a
Fantasy,b,e
Fantasy,b,l
Fantasy,d,e
Fantasy,e,s
Fantasy,c,r
Fantasy,l,a
Fantasy,c,r
Fantasy,s,m
Fantasy,s,u
Fantasy,s,u
Fantasy,d,i
Fantasy,r,a
Fantasy,r,a
Fantasy,s,w
Fantasy,e,n
Fantasy,p,u
Fantasy,f,a
Fantasy,s,e
Fantasy,s,t
Fantasy,f,u
Fantasy,k,i
Fantasy,m,u
Fantasy,w,h
Fantasy,b,i
Fantasy,n,a
Fantasy,t,o
Fantasy,g,o
Fantasy,p,e
Fantasy,d,i
Fantasy,e,r
Fantasy,d,e
Fantasy,l,i
Fantasy,v,i
Fantasy,s,l
Fantasy,c,h
Fantasy,i,d
Fantasy,a,s
Fantasy,d,o
Fantasy,w,e
Fantasy,f,a
Fantasy,c,o
Fantasy,m,o
Fantasy,d,i
Fantasy,h,o
Fantasy,f,u
Fantasy,d,i
Fantasy,c,e
Fantasy,c,h
Fantasy,c,i
Fantasy,u,r
Fantasy,c,r
Fantasy,v,i
Fantasy,h,e
Fantasy,r,a
Fantasy,b,o
Fantasy,a,b
Fantasy,b,a
Fantasy,s,p
Fantasy,d,i
Fantasy,d,i
Fantasy,t,e
Fantasy,t,o
Fantasy,i,l
Fantasy,f,u
Fantasy,g,r
Fantasy,w,e
Fantasy,h,o
Fantasy,l,o
Fantasy,p,e
Fantasy,c,o
Fantasy,d,r
Fantasy,a,s
Fantasy,j,e
Fantasy,s,h
Fantasy,m,o
Fantasy,c,u
Fantasy,b,o
Fantasy,b,u
Fantasy,j,i
Fantasy,s,e
Fantasy,t,i
Fantasy,p,e
Fantasy,p,u
Fantasy,s,h
Fantasy,s,n
Fantasy,m,o
Fantasy,w,o
Fantasy,t,u
Fantasy,p,i
Fantasy,m,u
Fantasy,s,p
Fantasy,h,i
Fantasy,h,i
Fantasy,c,o
Fantasy,s,m
Fantasy,n,i
Fantasy,p,i
Fantasy,p,e
Fantasy,d,i
Fantasy,d,e
Fantasy,b,o
Fantasy,f,i
Fantasy,b,u
Fantasy,f,a
Fantasy,r,o
Fantasy,s,u
Fantasy,h,o
Fantasy,e,x
Fantasy,l,i
Fantasy,a,r
Fantasy,s,l
Fantasy,e,x
Fantasy,s,o
Fantasy,b,u
Fantasy,c,h
Fantasy,d,a
Fantasy,b,o
Fantasy,w,h
Fantasy,a,d
Fantasy,b,o
Fantasy,r,e
Fantasy,n,i
Fantasy,j,u
Fantasy,h,i
Fantasy,g,a
Fantasy,p,o
Fantasy,q,u
Fantasy,e,x
Fantasy,l,i
Fantasy,t,r
Fantasy,n,u
Fantasy,s,c
Fantasy,d,r
Fantasy,r,e
Fantasy,b,a
Fantasy,k,i
Fantasy,s,n
Fantasy,c,o
Fantasy,e,x
Fantasy,c,o
Fantasy,c,o
Fantasy,p,i
Fantasy,s,l
Fantasy,p,o
Fantasy,s,l
Fantasy,a,s
Fantasy,l,i
Fantasy,h,u
Fantasy,b,o
Fantasy,t,a
Fantasy,j,a
Fantasy,c,o
Fantasy,p,e
Fantasy,p,r
Fantasy,p,u
Fantasy,m,i
Fantasy,p,a
Fantasy,f,o
Fantasy,w,h
Fantasy,w,e
Fantasy,b,u
Fantasy,o,r
Fantasy,p,i
Fantasy,s,q
Fantasy,p,i
Fantasy,c,o
Fantasy,f,e
Fantasy,a,n
Fantasy,c,r
Fantasy,g,o
Fantasy,h,e
Fantasy,c,a
Fantasy,h,o
Fantasy,h,u
Fantasy,i,t
Fantasy,l,y
Fantasy,p,r
Fantasy,e,t
Fantasy,f,r
Fantasy,l,e
Fantasy,n,o
Fantasy,n,u
Fantasy,c,o
Fantasy,e,j
Fantasy,g,o
Fantasy,b,l
Fantasy,s,w
Fantasy,r,e
Fantasy,e,r
Fantasy,f,u
Fantasy,s,t
Fantasy,r,i
Fantasy,p,o
Fantasy,p,o
Fantasy,g,r
Fantasy,d,i
Fantasy,r,a
Fantasy,s,h
Fantasy,c,r
Fantasy,f,u
Fantasy,g,o
Fantasy,f,a
Fantasy,f,a
Fantasy,f,u
Fantasy,g,a
Fantasy,p,o
Fantasy,v,o
Fantasy,p,o
Fantasy,c,h
Fantasy,p,u
Fantasy,o,r
Fantasy,s,o
Fantasy,a,r
Fantasy,p,o
Fantasy,s,h
Fantasy,a,m
Fantasy,b,e
Fantasy,t,i
Fantasy,b,i
Fantasy,f,a
Fantasy,a,s
Fantasy,a,s
Fantasy,h,i
Fantasy,t,e
Fantasy,a,m
Fantasy,n,a
Fantasy,c,h
Fantasy,l,o
Fantasy,f,u
Fantasy,s,p
Fantasy,s,h
Fantasy,e,x
Fantasy,v,i
Fantasy,s,h
Fantasy,n,o
Fantasy,c,o
Fantasy,i,n
Fantasy,q,u
Fantasy,t,h
Fantasy,g,e
Fantasy,s,n
Fantasy,n,i
Fantasy,r,a
Fantasy,h,a
Fantasy,f,o
genre,bad word,number of appearance
Family,k,i
Family,s,h
Family,b,l
Family,d,e
Family,f,a
Family,k,i
Family,h,o
Family,f,i
Family,g,i
Family,s,i
Family,k,i
Family,s,h
Family,d,i
Family,a,n
Family,f,a
Family,h,a
Family,b,a
Family,n,a
Family,b,i
Family,b,l
Family,b,o
Family,d,e
Family,f,e
Family,d,o
Family,g,i
Family,s,i
Family,d,u
Family,h,o
Family,w,h
Family,k,i
Family,f,i
Family,k,i
Family,d,e
Family,k,n
Family,b,l
Family,b,r
Family,m,a
Family,c,r
Family,h,e
Family,g,a
Family,e,n
Family,d,i
Family,l,i
Family,a,s
Family,l,a
Family,w,e
Family,d,a
Family,k,o
Family,b,o
Family,g,u
Family,b,u
Family,c,h
Family,d,i
Family,c,o
Family,m,u
Family,b,u
Family,k,i
Family,b,o
Family,t,e
Family,c,i
Family,i,t
Family,a,d
Family,d,r
Family,h,o
Family,c,r
Family,b,i
Family,j,o
Family,c,h
Family,d,e
Family,c,r
Family,a,t
Family,s,t
Family,s,u
Family,d,i
Family,w,e
Family,p,o
Family,b,o
Family,s,h
Family,t,o
Family,c,o
Family,b,a
Family,s,e
Family,h,o
Family,c,o
Family,b,u
Family,i,d
Family,s,c
Family,r,e
Family,d,i
Family,t,o
Family,s,t
Family,g,r
Family,s,u
Family,f,a
Family,r,e
Family,f,a
Family,d,e
Family,h,o
Family,c,r
Family,s,m
Family,p,i
Family,s,e
Family,s,p
Family,f,i
Family,g,o
Family,d,e
Family,v,i
Family,h,o
Family,b,o
Family,b,e
Family,m,u
Family,c,r
Family,t,o
Family,d,i
Family,g,o
Family,s,e
Family,a,m
Family,e,x
Family,e,x
Family,r,a
Family,n,a
Family,c,o
Family,s,p
Family,e,s
Family,u,r
Family,c,r
Family,c,o
Family,a,b
Family,t,e
Family,s,l
Family,s,c
Family,f,o
Family,p,o
Family,c,r
Family,k,i
Family,p,o
Family,u,r
Family,s,n
Family,a,s
Family,g,a
Family,d,i
Family,d,i
Family,d,r
Family,s,w
Family,t,r
Family,s,w
Family,l,o
Family,p,e
Family,c,h
Family,p,i
Family,b,o
Family,b,o
Family,r,o
Family,b,u
Family,d,e
Family,p,u
Family,p,i
Family,b,a
Family,s,e
Family,e,t
Family,r,a
Family,a,s
Family,s,e
Family,u,r
Family,l,i
Family,c,a
Family,f,u
Family,i,l
Family,c,h
Family,j,e
Family,s,n
Family,f,u
Family,c,a
Family,d,r
Family,n,i
Family,h,u
Family,w,o
Family,p,e
Family,n,i
Family,d,i
Family,p,i
Family,k,u
Family,f,a
Family,f,u
Family,w,h
Family,h,u
Family,d,i
Family,s,h
Family,r,e
Family,d,o
Family,f,a
Family,s,u
Family,c,o
Family,p,o
Family,p,a
Family,c,r
Family,f,u
Family,l,i
Family,f,r
Family,a,m
Family,s,l
Family,b,o
Family,p,i
Family,s,o
Family,g,e
Family,p,e
Family,c,u
Family,r,a
Family,p,o
Family,g,o
Family,e,x
Family,s,h
Family,h,i
Family,t,h
Family,a,s
Family,a,s
Family,c,o
Family,w,h
Family,c,o
Family,s,p
Family,h,o
Family,t,a
Family,j,a
Family,v,i
Family,b,u
Family,c,r
Family,a,s
Family,p,r
Family,s,c
Family,p,i
Family,s,q
Family,j,i
Family,p,e
Family,e,x
Family,b,e
Family,j,a
Family,t,i
Family,n,i
Family,c,e
Family,t,i
Family,d,i
Family,h,o
Family,l,y
Family,s,h
Family,q,u
Family,u,t
Family,h,e
Family,c,o
Family,c,o
Family,c,o
Family,c,o
Family,e,j
Family,p,r
Family,w,e
Family,g,o
Family,n,u
Family,b,a
Family,e,r
Family,w,h
Family,n,u
Family,h,i
Family,r,u
Family,b,a
Family,c,h
Family,p,o
Family,m,o
Family,h,e
Family,b,i
Family,f,u
Family,n,o
Family,g,o
Family,f,a
Family,b,l
Family,r,o
Family,m,o
Family,s,n
Family,l,i
Family,f,a
Family,k,i
Family,c,h
Family,e,x
Family,s,o
Family,p,o
Family,d,a
Family,s,e
Family,t,u
Family,h,i
Family,d,o
Family,c,o
Family,w,h
Family,m,a
Family,p,e
Family,p,u
Family,t,i
Family,f,u
Family,d,i
Family,r,e
Family,p,e
Family,r,a
Family,l,o
Family,f,o
Family,t,i
Family,h,a
Family,p,e
Family,s,p
Family,h,o
Family,d,o
Family,a,s
Family,o,r
Family,r,a
Family,d,i
Family,s,n
Family,s,n
Family,t,e
Family,r,e
Family,p,u
genre,bad word,number of appearance
Drama,v,i
Drama,a,s
Drama,s,e
Drama,f,u
Drama,b,u
Drama,c,r
Drama,f,i
Drama,f,u
Drama,b,u
Drama,w,o
Drama,d,e
Drama,s,h
Drama,s,i
Drama,p,o
Drama,c,r
Drama,f,i
Drama,s,c
Drama,m,o
Drama,h,o
Drama,f,u
Drama,s,t
Drama,b,l
Drama,k,i
Drama,f,a
Drama,d,i
Drama,l,i
Drama,c,r
Drama,l,i
Drama,k,i
Drama,b,l
Drama,k,i
Drama,s,h
Drama,b,l
Drama,k,i
Drama,h,o
Drama,g,i
Drama,k,i
Drama,c,o
Drama,m,u
Drama,g,o
Drama,t,r
Drama,h,e
Drama,g,o
Drama,w,e
Drama,d,o
Drama,h,e
Drama,d,i
Drama,t,o
Drama,k,i
Drama,c,r
Drama,s,w
Drama,c,r
Drama,d,e
Drama,e,x
Drama,e,n
Drama,d,r
Drama,m,a
Drama,h,o
Drama,m,e
Drama,b,i
Drama,p,i
Drama,p,i
Drama,a,t
Drama,s,c
Drama,g,u
Drama,g,o
Drama,b,i
Drama,f,a
Drama,b,o
Drama,d,a
Drama,n,a
Drama,h,a
Drama,f,a
Drama,v,a
Drama,s,h
Drama,c,i
Drama,a,m
Drama,s,e
Drama,t,o
Drama,c,o
Drama,r,e
Drama,f,u
Drama,b,i
Drama,s,h
Drama,b,a
Drama,f,u
Drama,a,r
Drama,d,r
Drama,g,a
Drama,m,a
Drama,a,n
Drama,d,e
Drama,s,u
Drama,t,i
Drama,d,e
Drama,k,n
Drama,f,e
Drama,l,i
Drama,a,s
Drama,l,a
Drama,c,o
Drama,d,u
Drama,c,r
Drama,s,h
Drama,c,h
Drama,d,r
Drama,p,e
Drama,b,o
Drama,a,s
Drama,d,i
Drama,b,o
Drama,p,o
Drama,r,e
Drama,a,s
Drama,b,a
Drama,u,r
Drama,d,i
Drama,n,i
Drama,b,o
Drama,c,o
Drama,r,e
Drama,b,o
Drama,h,o
Drama,s,n
Drama,f,u
Drama,s,p
Drama,b,u
Drama,b,l
Drama,v,o
Drama,c,r
Drama,r,e
Drama,b,u
Drama,h,o
Drama,f,i
Drama,h,a
Drama,w,e
Drama,k,o
Drama,c,h
Drama,c,h
Drama,d,i
Drama,f,a
Drama,s,o
Drama,p,e
Drama,d,e
Drama,t,o
Drama,w,h
Drama,j,e
Drama,c,o
Drama,t,e
Drama,i,t
Drama,a,d
Drama,n,u
Drama,j,i
Drama,r,a
Drama,t,e
Drama,c,h
Drama,c,a
Drama,t,i
Drama,s,e
Drama,s,p
Drama,d,i
Drama,c,r
Drama,d,e
Drama,b,a
Drama,b,r
Drama,q,u
Drama,b,e
Drama,c,o
Drama,s,t
Drama,s,n
Drama,j,o
Drama,l,o
Drama,b,e
Drama,h,i
Drama,f,a
Drama,h,o
Drama,l,y
Drama,d,e
Drama,s,e
Drama,d,i
Drama,s,l
Drama,t,w
Drama,c,r
Drama,b,a
Drama,f,a
Drama,p,r
Drama,k,r
Drama,p,o
Drama,n,e
Drama,r,a
Drama,c,h
Drama,r,a
Drama,m,u
Drama,e,x
Drama,d,i
Drama,g,i
Drama,b,u
Drama,e,x
Drama,w,h
Drama,e,s
Drama,s,u
Drama,n,i
Drama,n,i
Drama,h,o
Drama,s,u
Drama,i,l
Drama,s,l
Drama,h,o
Drama,b,o
Drama,g,r
Drama,f,u
Drama,v,i
Drama,i,d
Drama,f,a
Drama,b,r
Drama,b,a
Drama,c,o
Drama,l,i
Drama,k,i
Drama,c,o
Drama,s,p
Drama,n,a
Drama,a,s
Drama,w,h
Drama,b,i
Drama,a,b
Drama,p,i
Drama,d,i
Drama,c,o
Drama,b,l
Drama,c,o
Drama,e,x
Drama,v,a
Drama,a,r
Drama,j,e
Drama,p,r
Drama,h,o
Drama,r,a
Drama,b,i
Drama,s,l
Drama,p,u
Drama,c,o
Drama,s,m
Drama,r,e
Drama,p,r
Drama,j,a
Drama,l,e
Drama,w,h
Drama,s,k
Drama,h,o
Drama,b,i
Drama,s,w
Drama,s,e
Drama,a,b
Drama,c,o
Drama,g,e
Drama,f,a
Drama,i,n
Drama,a,n
Drama,f,e
Drama,c,o
Drama,h,y
Drama,d,i
Drama,m,i
Drama,p,i
Drama,s,n
Drama,s,o
Drama,s,a
Drama,c,h
Drama,t,e
Drama,s,l
Drama,c,a
Drama,b,a
Drama,u,t
Drama,m,o
Drama,p,a
Drama,h,o
Drama,h,u
Drama,t,a
Drama,s,e
Drama,r,a
Drama,p,u
Drama,p,r
Drama,q,u
Drama,a,s
Drama,g,r
Drama,p,e
Drama,b,i
Drama,p,i
Drama,g,r
Drama,c,u
Drama,m,o
Drama,p,a
Drama,n,i
Drama,w,h
Drama,f,a
Drama,a,s
Drama,e,x
Drama,b,o
Drama,c,e
Drama,f,a
Drama,f,o
Drama,t,a
Drama,r,o
Drama,s,l
Drama,t,r
Drama,t,i
Drama,s,h
Drama,s,q
Drama,m,o
Drama,h,i
Drama,l,o
Drama,b,o
Drama,r,u
Drama,p,a
Drama,c,r
Drama,e,r
Drama,b,o
Drama,p,o
Drama,s,n
Drama,b,l
Drama,b,a
Drama,p,i
Drama,m,a
Drama,s,h
Drama,b,o
Drama,h,e
Drama,e,t
Drama,h,o
Drama,p,r
Drama,a,r
Drama,s,h
Drama,f,o
Drama,a,d
Drama,c,u
Drama,t,a
Drama,s,i
Drama,e,r
Drama,s,t
Drama,f,o
Drama,k,i
Drama,h,o
Drama,t,u
Drama,p,u
Drama,b,i
Drama,s,y
Drama,p,a
Drama,a,r
Drama,p,u
Drama,s,p
Drama,d,i
Drama,p,e
Drama,r,a
Drama,h,u
Drama,d,i
Drama,r,e
Drama,s,p
Drama,a,d
Drama,u,r
Drama,g,o
Drama,r,o
Drama,s,h
Drama,b,r
Drama,r,e
Drama,w,o
Drama,p,o
Drama,o,r
Drama,c,o
Drama,a,s
Drama,w,h
Drama,p,o
Drama,b,o
Drama,f,r
Drama,j,a
Drama,n,a
Drama,s,o
Drama,p,l
Drama,l,i
Drama,s,t
Drama,c,r
Drama,s,o
Drama,t,r
Drama,h,o
Drama,d,i
Drama,s,o
Drama,d,a
Drama,o,r
Drama,r,a
Drama,j,e
Drama,f,u
Drama,o,r
Drama,p,e
Drama,p,u
Drama,b,u
Drama,a,b
Drama,d,i
Drama,h,o
Drama,s,m
Drama,n,i
Drama,p,e
Drama,g,a
Drama,p,i
Drama,s,c
Drama,p,o
Drama,n,u
Drama,p,o
Drama,s,l
Drama,b,e
Drama,n,o
Drama,l,i
Drama,c,o
Drama,m,e
Drama,g,o
Drama,f,a
Drama,c,o
Drama,c,o
Drama,w,e
Drama,j,u
Drama,h,o
Drama,c,h
Drama,n,i
Drama,d,o
Drama,h,i
Drama,r,e
Drama,k,n
Drama,t,i
Drama,s,h
Drama,n,i
Drama,w,o
Drama,p,u
Drama,b,u
Drama,f,o
Drama,b,o
Drama,p,r
Drama,v,i
Drama,n,e
Drama,d,i
Drama,h,e
Drama,p,e
Drama,l,a
Drama,j,e
Drama,j,a
Drama,a,m
Drama,j,a
Drama,m,o
Drama,b,o
Drama,j,i
Drama,f,u
Drama,w,a
Drama,t,w
Drama,w,a
Drama,h,u
Drama,n,y
Drama,g,y
Drama,h,u
Drama,s,o
Drama,e,x
Drama,r,a
Drama,f,l
Drama,p,u
Drama,o,r
Drama,s,a
Drama,w,a
Drama,n,a
Drama,g,e
Drama,t,i
Drama,w,h
Drama,m,u
Drama,s,w
Drama,i,n
Drama,l,o
Drama,p,e
Drama,t,r
Drama,s,h
Drama,s,h
Drama,p,i
Drama,t,e
Drama,s,o
Drama,b,o
Drama,u,r
Drama,s,c
Drama,t,w
Drama,p,a
Drama,s,l
Drama,t,e
Drama,s,l
Drama,h,e
Drama,c,o
Drama,g,y
Drama,m,o
Drama,d,o
Drama,n,i
Drama,f,i
Drama,m,a
Drama,i,n
Drama,f,e
Drama,s,p
Drama,d,i
Drama,w,e
Drama,k,i
Drama,d,a
Drama,m,o
Drama,m,a
Drama,l,e
Drama,h,i
Drama,s,c
Drama,p,e
Drama,a,l
Drama,c,r
Drama,a,n
Drama,m,u
Drama,s,k
Drama,p,r
Drama,h,o
Drama,g,a
Drama,p,i
Drama,b,u
Drama,s,l
Drama,f,l
Drama,a,r
Drama,p,o
Drama,d,e
Drama,s,o
Drama,y,a
Drama,p,e
Drama,d,y
Drama,j,i
Drama,h,e
Drama,p,e
Drama,b,i
Drama,r,a
Drama,s,l
Drama,f,o
Drama,m,o
Drama,s,n
Drama,l,i
Drama,m,o
Drama,c,l
Drama,n,o
Drama,e,u
Drama,d,a
Drama,j,i
Drama,g,o
Drama,g,o
Drama,b,i
Drama,r,i
Drama,w,e
Drama,u,k
Drama,i,t
Drama,e,n
Drama,d,i
Drama,s,c
Drama,m,o
Drama,h,e
Drama,t,h
Drama,a,f
Drama,w,i
Drama,p,e
Drama,s,o
Drama,r,e
Drama,r,i
Drama,s,e
Drama,c,o
Drama,z,i
Drama,p,o
Drama,e,j
Drama,t,r
Drama,d,o
Drama,b,a
Drama,p,o
Drama,g,a
Drama,m,a
Drama,s,e
Drama,d,u
Drama,p,l
Drama,e,j
Drama,r,i
Drama,p,a
Drama,c,h
Drama,g,i
Drama,d,a
Drama,s,c
Drama,c,o
Drama,r,a
Drama,t,o
genre,bad word,number of appearance
Documentary,a,m
Documentary,d,e
Documentary,r,a
Documentary,c,o
Documentary,t,o
Documentary,g,i
Documentary,s,c
Documentary,d,e
Documentary,b,a
Documentary,d,e
Documentary,s,t
Documentary,s,h
Documentary,f,i
Documentary,s,h
Documentary,k,i
Documentary,c,r
Documentary,b,l
Documentary,s,h
Documentary,b,a
Documentary,i,l
Documentary,k,i
Documentary,s,h
Documentary,b,o
Documentary,h,e
Documentary,p,i
Documentary,b,l
Documentary,s,p
Documentary,h,o
Documentary,a,m
Documentary,d,r
Documentary,b,i
Documentary,a,s
Documentary,l,a
Documentary,v,i
Documentary,m,a
Documentary,f,u
Documentary,d,r
Documentary,v,i
Documentary,p,l
Documentary,f,i
Documentary,h,a
Documentary,s,w
Documentary,d,i
Documentary,b,u
Documentary,d,i
Documentary,p,e
Documentary,f,i
Documentary,d,i
Documentary,c,r
Documentary,p,o
Documentary,f,u
Documentary,r,e
Documentary,c,e
Documentary,k,i
Documentary,k,i
Documentary,k,i
Documentary,w,e
Documentary,c,r
Documentary,m,u
Documentary,e,x
Documentary,c,r
Documentary,f,a
Documentary,e,x
Documentary,b,i
Documentary,c,r
Documentary,f,e
Documentary,s,i
Documentary,g,o
Documentary,c,a
Documentary,p,r
Documentary,d,e
Documentary,d,i
Documentary,v,o
Documentary,d,i
Documentary,f,u
Documentary,p,o
Documentary,r,e
Documentary,m,i
Documentary,c,h
Documentary,p,i
Documentary,j,o
Documentary,p,e
Documentary,p,a
Documentary,f,u
Documentary,g,u
Documentary,e,n
Documentary,d,i
Documentary,d,a
Documentary,k,n
Documentary,a,t
Documentary,c,i
Documentary,p,i
Documentary,b,u
Documentary,d,o
Documentary,b,l
Documentary,g,o
Documentary,s,e
Documentary,s,e
Documentary,i,d
Documentary,c,o
Documentary,r,a
Documentary,s,k
Documentary,n,i
Documentary,a,s
Documentary,p,u
Documentary,d,u
Documentary,g,a
Documentary,s,u
Documentary,t,o
Documentary,g,r
Documentary,s,u
Documentary,b,a
Documentary,l,i
Documentary,b,l
Documentary,s,m
Documentary,w,h
Documentary,w,a
Documentary,s,n
Documentary,c,r
Documentary,f,a
Documentary,b,o
Documentary,p,i
Documentary,f,a
Documentary,c,h
Documentary,f,r
Documentary,s,w
Documentary,p,i
Documentary,d,e
Documentary,n,a
Documentary,d,i
Documentary,d,e
Documentary,b,o
Documentary,p,o
Documentary,b,a
Documentary,w,e
Documentary,a,d
Documentary,f,a
Documentary,p,o
Documentary,h,o
Documentary,t,r
Documentary,b,i
Documentary,a,s
Documentary,n,a
Documentary,a,n
Documentary,a,d
Documentary,c,r
Documentary,a,b
Documentary,s,a
Documentary,s,n
Documentary,c,o
Documentary,t,a
Documentary,s,t
Documentary,c,o
Documentary,n,a
Documentary,b,o
Documentary,h,o
Documentary,c,o
Documentary,h,e
Documentary,f,u
Documentary,d,i
Documentary,c,o
Documentary,f,a
Documentary,h,o
Documentary,l,o
Documentary,h,i
Documentary,t,e
Documentary,t,e
Documentary,r,a
Documentary,e,x
Documentary,b,u
Documentary,b,a
Documentary,p,r
Documentary,f,e
Documentary,p,u
Documentary,b,e
Documentary,s,l
Documentary,b,l
Documentary,l,y
Documentary,d,o
Documentary,j,i
Documentary,n,i
Documentary,a,s
Documentary,s,e
Documentary,p,o
Documentary,f,u
Documentary,r,a
Documentary,r,e
Documentary,b,r
Documentary,t,o
Documentary,c,o
Documentary,s,t
Documentary,d,i
Documentary,h,o
Documentary,w,o
Documentary,a,s
Documentary,h,o
Documentary,b,r
Documentary,a,r
Documentary,m,u
Documentary,k,i
Documentary,w,h
Documentary,e,s
Documentary,f,u
Documentary,r,a
Documentary,s,e
Documentary,b,o
Documentary,w,a
Documentary,t,r
Documentary,a,r
Documentary,c,u
Documentary,m,o
Documentary,s,h
Documentary,a,b
Documentary,f,a
Documentary,l,i
Documentary,c,r
Documentary,d,e
Documentary,m,a
Documentary,a,d
Documentary,h,o
Documentary,b,u
Documentary,d,o
Documentary,f,o
Documentary,p,e
Documentary,c,o
Documentary,p,o
Documentary,r,e
Documentary,n,i
Documentary,e,x
Documentary,o,r
Documentary,r,a
Documentary,l,i
Documentary,b,i
Documentary,b,i
Documentary,l,i
Documentary,s,l
Documentary,h,o
Documentary,o,r
Documentary,f,a
Documentary,m,o
Documentary,s,c
Documentary,w,h
Documentary,c,o
Documentary,u,t
Documentary,p,r
Documentary,r,e
Documentary,a,s
Documentary,m,a
Documentary,c,o
Documentary,n,i
Documentary,n,u
Documentary,s,c
Documentary,h,e
Documentary,m,o
Documentary,v,a
Documentary,h,u
Documentary,a,n
Documentary,p,e
Documentary,p,e
Documentary,t,a
Documentary,p,u
Documentary,b,o
Documentary,p,u
Documentary,c,h
Documentary,b,a
Documentary,b,o
genre,bad word,number of appearance
Crime,d,e
Crime,s,h
Crime,k,i
Crime,d,i
Crime,f,i
Crime,b,l
Crime,c,o
Crime,m,u
Crime,s,c
Crime,g,o
Crime,s,h
Crime,t,r
Crime,h,e
Crime,g,o
Crime,w,e
Crime,d,o
Crime,h,e
Crime,d,i
Crime,s,e
Crime,s,i
Crime,k,i
Crime,t,o
Crime,k,i
Crime,k,i
Crime,c,r
Crime,s,w
Crime,c,r
Crime,d,e
Crime,e,x
Crime,k,i
Crime,e,n
Crime,d,r
Crime,m,a
Crime,h,o
Crime,f,i
Crime,m,e
Crime,k,i
Crime,b,i
Crime,b,u
Crime,p,i
Crime,p,i
Crime,a,t
Crime,s,c
Crime,g,u
Crime,g,o
Crime,b,i
Crime,f,a
Crime,b,o
Crime,d,a
Crime,n,a
Crime,h,a
Crime,f,u
Crime,f,u
Crime,s,h
Crime,f,u
Crime,f,u
Crime,a,r
Crime,b,i
Crime,d,r
Crime,g,a
Crime,m,a
Crime,a,n
Crime,g,i
Crime,b,l
Crime,d,e
Crime,s,u
Crime,q,u
Crime,f,a
Crime,n,i
Crime,g,i
Crime,s,l
Crime,r,e
Crime,p,i
Crime,f,e
Crime,e,x
Crime,b,o
Crime,c,o
Crime,i,l
Crime,h,o
Crime,p,o
Crime,l,o
Crime,p,e
Crime,a,s
Crime,b,o
Crime,c,r
Crime,s,u
Crime,b,l
Crime,f,a
Crime,h,i
Crime,e,x
Crime,n,u
Crime,d,i
Crime,t,e
Crime,b,o
Crime,c,h
Crime,d,e
Crime,c,i
Crime,b,a
Crime,b,r
Crime,t,o
Crime,b,u
Crime,s,p
Crime,s,t
Crime,b,u
Crime,c,r
Crime,a,d
Crime,n,a
Crime,k,n
Crime,s,u
Crime,p,a
Crime,p,i
Crime,a,s
Crime,t,o
Crime,r,a
Crime,f,u
Crime,v,i
Crime,b,u
Crime,b,u
Crime,a,s
Crime,m,o
Crime,p,r
Crime,i,d
Crime,t,i
Crime,a,s
Crime,d,e
Crime,s,h
Crime,b,a
Crime,a,s
Crime,n,i
Crime,m,a
Crime,m,a
Crime,b,i
Crime,a,b
Crime,f,u
Crime,j,o
Crime,f,u
Crime,d,i
Crime,c,o
Crime,l,i
Crime,m,i
Crime,c,o
Crime,f,i
Crime,w,h
Crime,t,u
Crime,s,e
Crime,h,o
Crime,b,o
Crime,s,w
Crime,s,o
Crime,s,e
Crime,h,o
Crime,f,a
Crime,a,b
Crime,d,u
Crime,c,o
Crime,b,e
Crime,f,a
Crime,c,r
Crime,s,m
Crime,h,o
Crime,c,o
Crime,w,h
Crime,b,a
Crime,b,l
Crime,q,u
Crime,d,i
Crime,p,e
Crime,s,n
Crime,b,i
Crime,t,e
Crime,a,m
Crime,f,a
Crime,p,o
Crime,w,e
Crime,l,a
Crime,c,r
Crime,d,i
Crime,b,a
Crime,e,s
Crime,c,a
Crime,c,a
Crime,h,e
Crime,s,c
Crime,p,r
Crime,i,t
Crime,c,o
Crime,r,e
Crime,p,e
Crime,c,r
Crime,p,e
Crime,s,t
Crime,w,h
Crime,d,r
Crime,v,i
Crime,b,o
Crime,s,l
Crime,t,r
Crime,m,o
Crime,w,h
Crime,l,e
Crime,s,p
Crime,l,o
Crime,m,u
Crime,c,r
Crime,f,r
Crime,b,a
Crime,p,i
Crime,c,a
Crime,s,p
Crime,n,i
Crime,p,u
Crime,s,e
Crime,d,i
Crime,p,r
Crime,l,i
Crime,b,o
Crime,r,a
Crime,n,i
Crime,s,l
Crime,p,i
Crime,h,o
Crime,u,r
Crime,d,i
Crime,s,i
Crime,s,l
Crime,s,h
Crime,p,r
Crime,h,o
Crime,c,e
Crime,f,a
Crime,h,o
Crime,p,u
Crime,g,r
Crime,b,a
Crime,a,s
Crime,a,s
Crime,r,e
Crime,p,u
Crime,g,r
Crime,s,p
Crime,d,i
Crime,p,i
Crime,s,h
Crime,c,h
Crime,t,i
Crime,d,o
Crime,o,r
Crime,h,o
Crime,c,h
Crime,s,h
Crime,l,i
Crime,h,u
Crime,w,h
Crime,w,o
Crime,r,e
Crime,c,o
Crime,h,o
Crime,w,o
Crime,h,o
Crime,s,l
Crime,h,o
Crime,p,o
Crime,c,o
Crime,s,e
Crime,c,o
Crime,c,o
Crime,p,o
Crime,p,o
Crime,b,o
Crime,d,e
Crime,j,a
Crime,n,a
Crime,r,a
Crime,e,t
Crime,s,o
Crime,t,r
Crime,r,e
Crime,s,h
Crime,p,u
Crime,h,e
Crime,c,r
Crime,r,u
Crime,b,o
Crime,s,n
Crime,c,r
Crime,t,i
Crime,t,i
Crime,e,x
Crime,b,e
Crime,e,x
Crime,h,o
Crime,b,r
Crime,h,e
Crime,k,i
Crime,d,e
Crime,f,a
Crime,p,u
Crime,s,c
Crime,s,e
Crime,f,e
Crime,f,a
Crime,l,y
Crime,r,o
Crime,h,o
Crime,j,a
Crime,p,o
Crime,p,o
Crime,c,o
Crime,f,u
Crime,a,d
Crime,h,a
Crime,m,e
Crime,g,o
Crime,r,a
Crime,w,e
Crime,j,u
Crime,d,a
Crime,k,n
Crime,p,o
Crime,f,u
Crime,b,u
Crime,r,e
Crime,w,h
Crime,s,h
Crime,b,o
Crime,m,o
Crime,b,l
Crime,c,u
Crime,v,i
Crime,o,r
Crime,c,u
Crime,c,o
Crime,b,o
Crime,p,e
Crime,n,i
Crime,n,i
Crime,n,e
Crime,s,o
Crime,r,e
Crime,a,r
Crime,o,r
Crime,m,o
Crime,b,l
Crime,b,o
Crime,j,i
Crime,v,a
Crime,r,o
Crime,r,a
Crime,g,y
Crime,h,u
Crime,p,e
Crime,h,i
Crime,l,i
Crime,s,h
Crime,a,n
Crime,a,s
Crime,r,e
Crime,r,a
Crime,w,e
Crime,d,i
Crime,r,a
Crime,s,h
Crime,j,e
Crime,r,a
Crime,g,e
Crime,c,h
Crime,n,u
Crime,p,o
Crime,v,a
Crime,t,e
Crime,r,a
Crime,d,i
Crime,c,o
Crime,c,r
Crime,p,i
Crime,b,u
Crime,i,n
Crime,g,r
Crime,h,u
Crime,t,a
Crime,v,o
Crime,l,o
Crime,f,u
Crime,p,r
Crime,u,t
Crime,p,r
Crime,p,e
Crime,c,r
Crime,a,d
Crime,t,e
Crime,n,o
Crime,p,r
Crime,s,l
Crime,d,o
Crime,l,i
Crime,g,a
Crime,h,o
Crime,b,u
Crime,e,r
Crime,m,a
Crime,c,h
Crime,g,e
Crime,f,a
Crime,d,i
Crime,k,r
Crime,s,k
Crime,y,a
Crime,l,i
Crime,p,e
Crime,d,y
Crime,p,a
Crime,j,i
Crime,g,o
Crime,j,e
Crime,g,o
Crime,p,i
Crime,w,a
Crime,a,r
Crime,c,l
Crime,s,n
Crime,n,e
Crime,d,a
Crime,j,i
Crime,d,i
Crime,s,c
Crime,b,i
Crime,c,o
Crime,k,y
Crime,i,n
Crime,d,i
Crime,s,l
Crime,p,o
Crime,s,c
Crime,c,o
Crime,m,o
Crime,t,w
Crime,p,e
Crime,a,m
Crime,j,a
Crime,w,i
Crime,h,i
Crime,m,u
Crime,r,i
Crime,u,r
Crime,s,l
Crime,b,o
Crime,s,t
Crime,n,o
Crime,t,h
Crime,w,a
Crime,c,h
Crime,s,e
Crime,d,u
Crime,l,a
Crime,m,o
Crime,l,e
Crime,p,u
Crime,i,n
Crime,p,a
Crime,c,h
Crime,j,i
Crime,g,o
Crime,r,e
Crime,g,i
Crime,c,o
Crime,d,i
Crime,p,i
Crime,d,i
Crime,d,i
genre,bad word,number of appearance
Comedy,d,a
Comedy,h,e
Comedy,c,r
Comedy,d,i
Comedy,s,h
Comedy,t,o
Comedy,l,a
Comedy,k,i
Comedy,b,u
Comedy,h,o
Comedy,a,s
Comedy,s,t
Comedy,f,a
Comedy,s,i
Comedy,d,e
Comedy,f,u
Comedy,d,i
Comedy,f,u
Comedy,f,u
Comedy,k,i
Comedy,n,a
Comedy,a,n
Comedy,k,i
Comedy,s,h
Comedy,v,i
Comedy,a,s
Comedy,s,e
Comedy,f,u
Comedy,b,u
Comedy,c,r
Comedy,f,i
Comedy,b,u
Comedy,w,o
Comedy,s,h
Comedy,p,o
Comedy,f,i
Comedy,s,c
Comedy,m,o
Comedy,h,o
Comedy,b,l
Comedy,k,i
Comedy,d,i
Comedy,l,i
Comedy,c,r
Comedy,l,i
Comedy,k,i
Comedy,b,l
Comedy,p,r
Comedy,m,a
Comedy,b,i
Comedy,b,u
Comedy,d,e
Comedy,m,u
Comedy,e,x
Comedy,i,d
Comedy,g,r
Comedy,d,e
Comedy,e,r
Comedy,f,a
Comedy,h,a
Comedy,b,a
Comedy,n,a
Comedy,b,o
Comedy,b,l
Comedy,f,e
Comedy,k,i
Comedy,d,o
Comedy,g,i
Comedy,s,i
Comedy,d,u
Comedy,h,o
Comedy,w,h
Comedy,t,i
Comedy,d,e
Comedy,k,n
Comedy,g,i
Comedy,g,a
Comedy,e,n
Comedy,l,i
Comedy,w,e
Comedy,k,o
Comedy,b,o
Comedy,g,u
Comedy,c,h
Comedy,c,o
Comedy,b,o
Comedy,t,e
Comedy,c,i
Comedy,i,t
Comedy,a,d
Comedy,c,a
Comedy,d,i
Comedy,t,i
Comedy,s,e
Comedy,d,r
Comedy,h,o
Comedy,c,r
Comedy,b,i
Comedy,j,o
Comedy,w,h
Comedy,n,i
Comedy,d,r
Comedy,b,i
Comedy,c,h
Comedy,d,e
Comedy,b,a
Comedy,b,r
Comedy,t,o
Comedy,g,o
Comedy,f,i
Comedy,h,o
Comedy,s,p
Comedy,c,o
Comedy,b,o
Comedy,p,i
Comedy,t,r
Comedy,o,r
Comedy,s,p
Comedy,d,e
Comedy,a,m
Comedy,g,o
Comedy,g,o
Comedy,f,a
Comedy,r,a
Comedy,f,a
Comedy,j,a
Comedy,s,l
Comedy,d,i
Comedy,b,e
Comedy,h,i
Comedy,f,a
Comedy,h,o
Comedy,a,s
Comedy,l,y
Comedy,s,u
Comedy,w,h
Comedy,s,e
Comedy,d,i
Comedy,s,l
Comedy,t,w
Comedy,t,e
Comedy,p,o
Comedy,c,h
Comedy,d,r
Comedy,r,e
Comedy,c,r
Comedy,t,r
Comedy,b,r
Comedy,b,a
Comedy,v,i
Comedy,s,e
Comedy,s,l
Comedy,c,o
Comedy,h,o
Comedy,p,i
Comedy,s,k
Comedy,f,o
Comedy,b,a
Comedy,b,i
Comedy,s,h
Comedy,i,l
Comedy,a,t
Comedy,p,o
Comedy,c,r
Comedy,p,e
Comedy,p,o
Comedy,e,s
Comedy,s,u
Comedy,n,i
Comedy,n,i
Comedy,d,e
Comedy,w,o
Comedy,b,o
Comedy,p,o
Comedy,r,e
Comedy,t,o
Comedy,s,e
Comedy,h,o
Comedy,s,u
Comedy,b,o
Comedy,m,u
Comedy,v,o
Comedy,b,o
Comedy,b,a
Comedy,g,o
Comedy,a,s
Comedy,r,o
Comedy,s,w
Comedy,a,s
Comedy,m,o
Comedy,p,i
Comedy,s,t
Comedy,a,r
Comedy,b,u
Comedy,c,o
Comedy,r,a
Comedy,p,i
Comedy,f,a
Comedy,v,a
Comedy,d,i
Comedy,p,e
Comedy,p,u
Comedy,b,o
Comedy,c,r
Comedy,s,m
Comedy,b,e
Comedy,r,a
Comedy,h,o
Comedy,p,u
Comedy,a,b
Comedy,l,o
Comedy,j,a
Comedy,s,p
Comedy,h,e
Comedy,p,e
Comedy,l,e
Comedy,w,h
Comedy,l,i
Comedy,g,e
Comedy,f,a
Comedy,c,o
Comedy,p,u
Comedy,i,n
Comedy,a,n
Comedy,f,e
Comedy,c,o
Comedy,h,y
Comedy,d,i
Comedy,a,m
Comedy,r,a
Comedy,c,o
Comedy,i,n
Comedy,b,l
Comedy,a,s
Comedy,r,e
Comedy,c,r
Comedy,u,t
Comedy,t,a
Comedy,c,o
Comedy,s,p
Comedy,r,e
Comedy,d,i
Comedy,s,c
Comedy,s,n
Comedy,c,o
Comedy,c,r
Comedy,n,i
Comedy,p,i
Comedy,w,h
Comedy,b,i
Comedy,f,a
Comedy,a,s
Comedy,w,e
Comedy,f,a
Comedy,e,x
Comedy,h,o
Comedy,p,a
Comedy,h,i
Comedy,c,h
Comedy,t,a
Comedy,m,a
Comedy,e,t
Comedy,p,e
Comedy,b,o
Comedy,p,r
Comedy,b,o
Comedy,d,i
Comedy,s,h
Comedy,c,a
Comedy,c,a
Comedy,h,e
Comedy,f,u
Comedy,s,c
Comedy,p,r
Comedy,f,u
Comedy,r,e
Comedy,p,e
Comedy,p,l
Comedy,f,o
Comedy,s,l
Comedy,j,a
Comedy,p,o
Comedy,k,i
Comedy,p,o
Comedy,u,r
Comedy,s,n
Comedy,m,o
Comedy,s,q
Comedy,f,u
Comedy,t,i
Comedy,g,a
Comedy,r,u
Comedy,p,a
Comedy,c,r
Comedy,e,r
Comedy,r,a
Comedy,s,w
Comedy,q,u
Comedy,b,a
Comedy,n,u
Comedy,l,o
Comedy,t,e
Comedy,a,n
Comedy,t,i
Comedy,s,n
Comedy,s,l
Comedy,u,r
Comedy,s,l
Comedy,c,h
Comedy,p,r
Comedy,p,r
Comedy,h,o
Comedy,c,u
Comedy,d,o
Comedy,p,e
Comedy,k,i
Comedy,c,e
Comedy,v,a
Comedy,b,i
Comedy,m,a
Comedy,m,o
Comedy,b,o
Comedy,s,e
Comedy,t,u
Comedy,p,e
Comedy,s,h
Comedy,d,o
Comedy,p,o
Comedy,p,r
Comedy,r,a
Comedy,u,r
Comedy,j,i
Comedy,s,h
Comedy,m,a
Comedy,t,i
Comedy,g,y
Comedy,o,r
Comedy,c,o
Comedy,c,o
Comedy,t,r
Comedy,r,e
Comedy,t,e
Comedy,c,u
Comedy,d,i
Comedy,l,i
Comedy,c,o
Comedy,a,d
Comedy,a,d
Comedy,s,t
Comedy,s,h
Comedy,g,r
Comedy,a,b
Comedy,c,o
Comedy,p,u
Comedy,h,o
Comedy,f,r
Comedy,f,u
Comedy,h,e
Comedy,p,u
Comedy,e,x
Comedy,c,l
Comedy,o,r
Comedy,r,a
Comedy,h,i
Comedy,h,u
Comedy,w,h
Comedy,f,e
Comedy,h,e
Comedy,f,a
Comedy,e,x
Comedy,p,e
Comedy,h,o
Comedy,e,x
Comedy,m,i
Comedy,s,c
Comedy,c,r
Comedy,r,o
Comedy,n,u
Comedy,h,o
Comedy,b,i
Comedy,c,o
Comedy,h,a
Comedy,s,e
Comedy,c,o
Comedy,w,a
Comedy,w,e
Comedy,k,u
Comedy,a,r
Comedy,s,l
Comedy,w,h
Comedy,c,o
Comedy,n,i
Comedy,n,e
Comedy,b,r
Comedy,d,a
Comedy,k,n
Comedy,c,r
Comedy,d,i
Comedy,s,h
Comedy,j,u
Comedy,n,i
Comedy,w,u
Comedy,f,o
Comedy,h,u
Comedy,d,i
Comedy,b,o
Comedy,b,l
Comedy,l,o
Comedy,l,a
Comedy,s,t
Comedy,a,l
Comedy,p,o
Comedy,a,s
Comedy,n,a
Comedy,r,e
Comedy,m,a
Comedy,t,a
Comedy,w,a
Comedy,t,w
Comedy,w,a
Comedy,l,i
Comedy,h,u
Comedy,s,o
Comedy,s,p
Comedy,r,a
Comedy,f,l
Comedy,p,u
Comedy,f,a
Comedy,o,r
Comedy,p,e
Comedy,s,h
Comedy,a,s
Comedy,h,o
Comedy,s,c
Comedy,p,i
Comedy,w,h
Comedy,r,e
Comedy,h,u
Comedy,l,o
Comedy,p,u
Comedy,b,e
Comedy,e,x
Comedy,t,r
Comedy,s,o
Comedy,s,h
Comedy,b,i
Comedy,s,c
Comedy,t,w
Comedy,t,h
Comedy,w,i
Comedy,t,e
Comedy,s,l
Comedy,s,n
Comedy,b,i
Comedy,d,o
Comedy,d,i
Comedy,n,y
Comedy,g,o
Comedy,s,m
Comedy,b,u
Comedy,s,h
Comedy,r,e
Comedy,l,e
Comedy,p,o
Comedy,f,u
Comedy,m,u
Comedy,s,p
Comedy,r,a
Comedy,e,j
Comedy,g,a
Comedy,b,a
Comedy,g,e
Comedy,n,o
Comedy,b,l
Comedy,d,y
Comedy,c,u
Comedy,c,l
Comedy,b,i
Comedy,p,r
Comedy,c,o
Comedy,t,i
Comedy,s,o
Comedy,t,r
Comedy,m,e
Comedy,b,u
Comedy,p,e
Comedy,f,o
Comedy,p,o
Comedy,s,h
Comedy,p,e
Comedy,s,o
Comedy,q,u
Comedy,g,o
Comedy,j,e
Comedy,j,e
Comedy,b,i
Comedy,j,i
Comedy,p,a
Comedy,f,u
Comedy,c,o
Comedy,g,o
Comedy,b,o
Comedy,c,o
Comedy,b,o
Comedy,p,i
Comedy,r,i
Comedy,m,o
Comedy,p,o
Comedy,m,e
Comedy,v,i
Comedy,s,l
Comedy,i,n
Comedy,m,o
Comedy,d,a
Comedy,s,o
Comedy,k,y
Comedy,s,y
Comedy,n,o
Comedy,e,n
Comedy,c,h
Comedy,e,j
Comedy,s,c
Comedy,w,h
Comedy,h,e
Comedy,g,r
Comedy,s,p
Comedy,a,f
Comedy,v,u
Comedy,j,e
Comedy,h,i
Comedy,t,o
Comedy,n,a
Comedy,x,x
Comedy,s,h
Comedy,f,u
Comedy,f,a
Comedy,f,e
Comedy,n,e
Comedy,d,u
Comedy,s,p
Comedy,l,e
Comedy,g,e
Comedy,r,a
Comedy,e,j
Comedy,p,a
Comedy,c,h
Comedy,j,i
Comedy,w,e
Comedy,d,a
Comedy,q,u
Comedy,n,i
Comedy,j,e
Comedy,h,o
genre,bad word,number of appearance
Animation,s,h
Animation,d,i
Animation,a,n
Animation,f,a
Animation,f,i
Animation,h,a
Animation,b,a
Animation,k,i
Animation,n,a
Animation,b,i
Animation,k,i
Animation,k,i
Animation,f,i
Animation,s,h
Animation,k,i
Animation,d,e
Animation,k,n
Animation,s,i
Animation,g,i
Animation,d,e
Animation,b,l
Animation,d,e
Animation,b,r
Animation,f,e
Animation,m,a
Animation,c,r
Animation,h,e
Animation,h,o
Animation,d,i
Animation,s,i
Animation,d,e
Animation,c,r
Animation,a,t
Animation,f,a
Animation,s,t
Animation,b,u
Animation,s,u
Animation,b,i
Animation,d,i
Animation,w,e
Animation,d,i
Animation,a,s
Animation,p,o
Animation,k,i
Animation,l,i
Animation,r,e
Animation,d,i
Animation,t,o
Animation,s,t
Animation,g,r
Animation,b,l
Animation,k,i
Animation,s,u
Animation,f,a
Animation,g,u
Animation,r,e
Animation,m,u
Animation,f,a
Animation,s,e
Animation,t,e
Animation,n,a
Animation,s,l
Animation,s,c
Animation,f,o
Animation,k,i
Animation,p,o
Animation,u,r
Animation,s,n
Animation,b,u
Animation,b,l
Animation,c,r
Animation,w,e
Animation,a,s
Animation,g,a
Animation,d,r
Animation,s,p
Animation,h,o
Animation,h,o
Animation,a,b
Animation,c,h
Animation,l,a
Animation,b,a
Animation,j,e
Animation,c,h
Animation,i,d
Animation,d,u
Animation,b,o
Animation,c,r
Animation,c,r
Animation,t,o
Animation,b,o
Animation,f,i
Animation,e,n
Animation,s,p
Animation,s,c
Animation,f,u
Animation,d,a
Animation,s,h
Animation,f,a
Animation,f,u
Animation,m,o
Animation,g,o
Animation,b,u
Animation,p,i
Animation,w,h
Animation,v,i
Animation,r,a
Animation,g,a
Animation,h,o
Animation,h,o
Animation,g,o
Animation,b,i
Animation,b,o
Animation,d,e
Animation,h,o
Animation,f,u
Animation,h,o
Animation,d,e
Animation,i,l
Animation,s,u
Animation,a,s
Animation,b,e
Animation,p,r
Animation,d,o
Animation,f,u
Animation,a,s
Animation,s,e
Animation,s,l
Animation,c,o
Animation,j,o
Animation,s,o
Animation,s,m
Animation,g,e
Animation,p,e
Animation,k,i
Animation,b,o
Animation,c,o
Animation,d,o
Animation,p,i
Animation,e,x
Animation,l,i
Animation,g,i
Animation,h,u
Animation,d,r
Animation,d,i
Animation,s,e
Animation,b,o
Animation,t,a
Animation,c,r
Animation,r,a
Animation,a,s
Animation,n,i
Animation,t,r
Animation,p,r
Animation,d,e
Animation,s,c
Animation,s,w
Animation,p,i
Animation,s,q
Animation,c,h
Animation,j,i
Animation,p,e
Animation,d,i
Animation,b,e
Animation,j,a
Animation,e,s
Animation,t,o
Animation,d,a
Animation,f,r
Animation,q,u
Animation,s,w
Animation,c,o
Animation,g,o
Animation,p,e
Animation,n,u
Animation,c,r
Animation,h,i
Animation,c,o
Animation,r,u
Animation,b,a
Animation,p,o
Animation,h,e
Animation,n,u
Animation,f,u
Animation,e,x
Animation,s,l
Animation,f,a
Animation,c,o
Animation,w,h
Animation,h,o
Animation,w,h
Animation,n,i
Animation,b,l
Animation,h,o
Animation,b,u
Animation,e,x
Animation,d,i
Animation,j,a
Animation,f,a
Animation,s,o
Animation,f,a
Animation,s,h
Animation,d,r
Animation,m,a
Animation,p,a
Animation,p,e
Animation,p,u
Animation,t,i
Animation,f,u
Animation,d,i
Animation,r,e
Animation,p,e
Animation,p,i
Animation,r,a
Animation,l,o
Animation,l,o
Animation,h,o
Animation,v,a
Animation,f,u
Animation,c,r
Animation,p,e
Animation,t,i
Animation,t,u
Animation,d,i
Animation,v,i
Animation,t,h
Animation,a,d
Animation,v,o
Animation,f,a
Animation,e,r
Animation,e,x
Animation,j,i
Animation,p,u
Animation,s,n
Animation,f,e
Animation,c,o
Animation,g,o
Animation,b,o
Animation,w,o
Animation,s,p
Animation,s,h
Animation,i,t
Animation,d,o
Animation,d,o
Animation,c,o
Animation,s,e
Animation,n,e
Animation,b,a
genre,bad word,number of appearance
Adventure,d,a
Adventure,h,e
Adventure,c,r
Adventure,d,i
Adventure,s,h
Adventure,t,o
Adventure,l,a
Adventure,k,i
Adventure,b,u
Adventure,h,o
Adventure,a,s
Adventure,s,t
Adventure,f,a
Adventure,s,i
Adventure,d,e
Adventure,f,u
Adventure,d,i
Adventure,f,u
Adventure,f,u
Adventure,k,i
Adventure,n,a
Adventure,a,n
Adventure,k,i
Adventure,s,h
Adventure,k,i
Adventure,b,l
Adventure,f,i
Adventure,g,i
Adventure,f,a
Adventure,h,a
Adventure,b,a
Adventure,n,a
Adventure,b,i
Adventure,f,i
Adventure,k,i
Adventure,d,e
Adventure,k,n
Adventure,d,e
Adventure,b,l
Adventure,b,r
Adventure,f,e
Adventure,m,a
Adventure,q,u
Adventure,d,i
Adventure,n,i
Adventure,g,i
Adventure,s,w
Adventure,s,l
Adventure,r,e
Adventure,s,c
Adventure,p,i
Adventure,e,x
Adventure,c,r
Adventure,b,l
Adventure,i,d
Adventure,d,e
Adventure,w,h
Adventure,b,u
Adventure,g,u
Adventure,c,h
Adventure,p,o
Adventure,d,r
Adventure,s,q
Adventure,k,i
Adventure,h,o
Adventure,n,a
Adventure,a,s
Adventure,t,a
Adventure,t,o
Adventure,c,o
Adventure,a,t
Adventure,e,s
Adventure,b,o
Adventure,f,i
Adventure,h,o
Adventure,s,i
Adventure,d,e
Adventure,c,r
Adventure,b,u
Adventure,b,o
Adventure,b,o
Adventure,s,h
Adventure,t,o
Adventure,c,o
Adventure,b,a
Adventure,s,e
Adventure,h,o
Adventure,j,o
Adventure,c,o
Adventure,s,c
Adventure,s,e
Adventure,e,n
Adventure,a,s
Adventure,l,i
Adventure,i,l
Adventure,l,i
Adventure,c,r
Adventure,c,r
Adventure,r,e
Adventure,d,i
Adventure,s,t
Adventure,g,r
Adventure,s,u
Adventure,f,a
Adventure,w,e
Adventure,m,u
Adventure,f,a
Adventure,s,p
Adventure,d,e
Adventure,s,l
Adventure,b,o
Adventure,e,x
Adventure,s,u
Adventure,h,o
Adventure,s,l
Adventure,f,a
Adventure,r,a
Adventure,i,t
Adventure,l,i
Adventure,o,r
Adventure,d,r
Adventure,d,u
Adventure,b,o
Adventure,f,u
Adventure,p,i
Adventure,g,o
Adventure,a,s
Adventure,m,a
Adventure,d,i
Adventure,s,e
Adventure,d,o
Adventure,r,a
Adventure,h,o
Adventure,p,u
Adventure,c,h
Adventure,d,o
Adventure,v,i
Adventure,b,i
Adventure,r,a
Adventure,s,h
Adventure,c,r
Adventure,p,a
Adventure,b,u
Adventure,g,a
Adventure,p,e
Adventure,p,e
Adventure,s,u
Adventure,s,n
Adventure,c,o
Adventure,s,e
Adventure,u,r
Adventure,s,p
Adventure,n,i
Adventure,p,i
Adventure,p,i
Adventure,d,r
Adventure,d,e
Adventure,w,h
Adventure,b,i
Adventure,m,u
Adventure,f,a
Adventure,t,e
Adventure,f,o
Adventure,r,o
Adventure,c,e
Adventure,k,i
Adventure,p,o
Adventure,u,r
Adventure,s,n
Adventure,t,r
Adventure,h,i
Adventure,h,o
Adventure,g,o
Adventure,b,e
Adventure,p,o
Adventure,e,x
Adventure,c,o
Adventure,s,p
Adventure,d,i
Adventure,s,l
Adventure,a,r
Adventure,s,h
Adventure,p,i
Adventure,d,i
Adventure,b,i
Adventure,p,r
Adventure,l,i
Adventure,s,e
Adventure,b,a
Adventure,p,i
Adventure,p,r
Adventure,l,o
Adventure,g,o
Adventure,b,o
Adventure,b,o
Adventure,s,m
Adventure,r,o
Adventure,r,a
Adventure,c,i
Adventure,d,i
Adventure,a,s
Adventure,g,r
Adventure,m,o
Adventure,h,o
Adventure,m,o
Adventure,c,o
Adventure,p,u
Adventure,a,s
Adventure,c,r
Adventure,s,h
Adventure,c,u
Adventure,s,n
Adventure,c,o
Adventure,h,o
Adventure,w,h
Adventure,l,y
Adventure,w,h
Adventure,f,e
Adventure,f,u
Adventure,f,u
Adventure,s,h
Adventure,p,u
Adventure,b,a
Adventure,j,e
Adventure,c,h
Adventure,t,i
Adventure,c,o
Adventure,e,x
Adventure,a,d
Adventure,p,r
Adventure,r,e
Adventure,s,c
Adventure,n,i
Adventure,f,e
Adventure,c,r
Adventure,f,a
Adventure,p,r
Adventure,j,a
Adventure,r,a
Adventure,w,h
Adventure,a,d
Adventure,h,a
Adventure,c,o
Adventure,d,i
Adventure,h,u
Adventure,w,o
Adventure,n,i
Adventure,e,r
Adventure,w,o
Adventure,a,s
Adventure,g,e
Adventure,h,e
Adventure,t,e
Adventure,n,u
Adventure,c,o
Adventure,m,a
Adventure,m,a
Adventure,c,a
Adventure,b,a
Adventure,d,o
Adventure,s,l
Adventure,t,u
Adventure,r,a
Adventure,f,u
Adventure,r,u
Adventure,m,i
Adventure,w,e
Adventure,w,h
Adventure,h,o
Adventure,t,i
Adventure,t,e
Adventure,o,r
Adventure,e,x
Adventure,t,w
Adventure,l,o
Adventure,a,b
Adventure,a,s
Adventure,c,o
Adventure,b,l
Adventure,w,h
Adventure,a,m
Adventure,e,t
Adventure,j,a
Adventure,b,i
Adventure,b,u
Adventure,p,o
Adventure,p,e
Adventure,p,e
Adventure,h,i
Adventure,a,r
Adventure,h,i
Adventure,p,e
Adventure,t,i
Adventure,p,o
Adventure,s,c
Adventure,c,o
Adventure,s,w
Adventure,b,u
Adventure,p,i
Adventure,j,i
Adventure,v,i
Adventure,p,e
Adventure,s,m
Adventure,r,e
Adventure,m,o
Adventure,t,r
Adventure,h,o
Adventure,l,o
Adventure,w,e
Adventure,f,a
Adventure,f,u
Adventure,b,o
Adventure,s,c
Adventure,s,l
Adventure,c,o
Adventure,f,r
Adventure,k,n
Adventure,g,r
Adventure,a,r
Adventure,e,j
Adventure,p,o
Adventure,p,e
Adventure,g,o
Adventure,f,u
Adventure,m,o
Adventure,t,a
Adventure,c,r
Adventure,c,r
Adventure,m,o
Adventure,b,o
Adventure,e,r
Adventure,c,h
Adventure,b,o
Adventure,s,o
Adventure,s,e
Adventure,p,o
Adventure,c,r
Adventure,a,d
Adventure,b,i
Adventure,f,u
Adventure,m,u
Adventure,v,a
Adventure,v,o
Adventure,c,u
Adventure,s,p
Adventure,b,o
Adventure,j,i
Adventure,g,o
Adventure,f,a
Adventure,h,o
Adventure,c,r
Adventure,b,e
Adventure,n,e
Adventure,h,o
Adventure,c,h
Adventure,p,u
Adventure,o,r
Adventure,b,e
Adventure,m,o
Adventure,b,r
Adventure,n,u
Adventure,p,a
Adventure,p,e
Adventure,s,p
Adventure,p,l
Adventure,s,h
Adventure,s,o
Adventure,t,i
Adventure,r,a
Adventure,d,i
Adventure,q,u
Adventure,s,h
Adventure,s,h
Adventure,s,n
Adventure,r,e
Adventure,h,e
genre,bad word,number of appearance
Action,k,i
Action,s,h
Action,b,l
Action,d,e
Action,f,a
Action,k,i
Action,h,o
Action,f,i
Action,g,i
Action,s,i
Action,k,i
Action,k,i
Action,d,i
Action,f,i
Action,c,o
Action,m,u
Action,s,c
Action,g,o
Action,s,h
Action,t,r
Action,h,e
Action,g,o
Action,w,e
Action,d,o
Action,h,e
Action,d,i
Action,s,e
Action,t,o
Action,k,i
Action,c,r
Action,s,w
Action,c,r
Action,d,e
Action,e,x
Action,e,n
Action,d,r
Action,m,a
Action,h,o
Action,m,e
Action,k,i
Action,b,i
Action,b,u
Action,p,i
Action,p,i
Action,a,t
Action,s,c
Action,g,u
Action,g,o
Action,b,i
Action,f,a
Action,b,o
Action,d,a
Action,n,a
Action,h,a
Action,a,s
Action,b,a
Action,a,s
Action,u,r
Action,v,i
Action,f,u
Action,d,i
Action,a,s
Action,d,e
Action,h,o
Action,b,l
Action,f,u
Action,f,i
Action,h,a
Action,b,i
Action,l,i
Action,b,o
Action,f,u
Action,c,o
Action,s,u
Action,i,l
Action,p,o
Action,l,o
Action,f,u
Action,p,e
Action,b,o
Action,c,r
Action,s,u
Action,b,l
Action,f,a
Action,h,i
Action,e,x
Action,n,u
Action,t,e
Action,b,o
Action,c,r
Action,i,d
Action,d,e
Action,w,h
Action,n,i
Action,s,p
Action,s,p
Action,d,i
Action,s,h
Action,b,u
Action,f,a
Action,c,h
Action,p,o
Action,d,r
Action,s,q
Action,b,e
Action,l,a
Action,h,i
Action,f,a
Action,h,o
Action,b,u
Action,l,y
Action,d,e
Action,c,r
Action,s,t
Action,c,r
Action,a,d
Action,n,a
Action,k,n
Action,s,u
Action,p,a
Action,p,i
Action,a,s
Action,t,o
Action,r,a
Action,h,o
Action,n,a
Action,t,a
Action,t,o
Action,b,r
Action,f,e
Action,c,o
Action,e,s
Action,b,u
Action,s,e
Action,a,s
Action,c,o
Action,l,i
Action,c,r
Action,d,r
Action,h,o
Action,m,o
Action,p,r
Action,t,i
Action,s,h
Action,b,a
Action,a,s
Action,n,i
Action,m,a
Action,m,a
Action,b,e
Action,b,o
Action,b,o
Action,s,e
Action,d,i
Action,b,a
Action,c,o
Action,r,a
Action,d,i
Action,s,l
Action,r,a
Action,j,o
Action,c,o
Action,e,x
Action,d,i
Action,m,i
Action,w,h
Action,t,u
Action,b,o
Action,f,a
Action,e,x
Action,i,t
Action,l,i
Action,o,r
Action,p,u
Action,v,i
Action,m,o
Action,s,h
Action,a,n
Action,t,i
Action,w,a
Action,f,u
Action,g,o
Action,m,u
Action,p,e
Action,e,r
Action,d,e
Action,s,l
Action,g,a
Action,s,e
Action,h,o
Action,a,b
Action,d,u
Action,c,o
Action,c,h
Action,d,o
Action,r,e
Action,h,o
Action,r,a
Action,s,m
Action,w,h
Action,s,o
Action,b,l
Action,s,h
Action,s,p
Action,p,e
Action,s,n
Action,c,o
Action,s,e
Action,f,a
Action,c,e
Action,c,i
Action,p,e
Action,d,e
Action,s,n
Action,b,i
Action,n,i
Action,p,i
Action,w,h
Action,h,o
Action,f,a
Action,p,e
Action,s,t
Action,t,e
Action,f,o
Action,r,e
Action,s,l
Action,m,o
Action,w,h
Action,w,e
Action,g,a
Action,p,o
Action,w,o
Action,h,o
Action,b,u
Action,c,o
Action,l,o
Action,r,o
Action,c,o
Action,a,r
Action,s,h
Action,s,l
Action,p,r
Action,l,i
Action,p,i
Action,p,r
Action,r,e
Action,p,u
Action,q,u
Action,e,r
Action,b,o
Action,c,a
Action,w,o
Action,t,a
Action,p,e
Action,c,o
Action,w,h
Action,k,i
Action,b,i
Action,p,a
Action,r,e
Action,a,r
Action,s,n
Action,c,r
Action,a,s
Action,p,u
Action,g,r
Action,s,p
Action,d,i
Action,f,u
Action,r,a
Action,s,l
Action,j,e
Action,c,u
Action,t,i
Action,d,o
Action,o,r
Action,a,r
Action,s,e
Action,p,u
Action,g,e
Action,f,u
Action,h,o
Action,c,o
Action,a,s
Action,c,o
Action,p,o
Action,c,u
Action,r,e
Action,t,e
Action,v,a
Action,p,o
Action,b,o
Action,h,o
Action,n,i
Action,p,r
Action,r,a
Action,w,h
Action,f,e
Action,f,u
Action,s,h
Action,p,u
Action,p,i
Action,o,r
Action,d,a
Action,r,a
Action,d,i
Action,p,r
Action,j,e
Action,c,r
Action,t,i
Action,l,e
Action,b,a
Action,h,u
Action,n,i
Action,c,o
Action,s,c
Action,f,e
Action,c,r
Action,j,a
Action,b,i
Action,p,o
Action,a,b
Action,b,a
Action,s,l
Action,b,e
Action,c,o
Action,f,u
Action,j,a
Action,c,o
Action,p,l
Action,g,r
Action,f,a
Action,b,r
Action,j,u
Action,r,e
Action,k,n
Action,f,u
Action,s,w
Action,c,h
Action,g,i
Action,j,a
Action,c,h
Action,a,m
Action,j,a
Action,h,e
Action,e,t
Action,p,o
Action,r,o
Action,a,m
Action,m,o
Action,b,l
Action,b,o
Action,j,i
Action,t,r
Action,b,a
Action,c,r
Action,p,o
Action,u,r
Action,s,o
Action,e,x
Action,a,r
Action,r,u
Action,h,o
Action,g,y
Action,b,o
Action,d,i
Action,r,e
Action,s,h
Action,m,u
Action,n,u
Action,o,r
Action,r,a
Action,f,o
Action,g,o
Action,t,i
Action,p,e
Action,f,u
Action,u,t
Action,s,i
Action,g,r
Action,n,e
Action,w,e
Action,t,w
Action,b,o
Action,r,e
Action,j,i
Action,h,i
Action,a,l
Action,i,n
Action,s,m
Action,t,e
Action,f,a
Action,s,h
Action,m,a
Action,w,e
Action,n,o
Action,c,o
Action,s,t
Action,t,a
Action,t,i
Action,s,o
Action,t,r
Action,m,e
Action,p,i
Action,b,u
Action,p,e
Action,b,r
Action,b,l
Action,g,a
Action,p,i
Action,m,a
Action,s,h
Action,f,r
Action,s,c
Action,s,l
Action,c,o
Action,s,o
Action,h,o
Action,s,h
Action,p,e
Action,y,a
Action,d,y
Action,p,a
Action,j,i
Action,f,l
Action,e,j
Action,m,o
Action,g,o
Action,c,o
Action,s,l
Action,s,k
Action,n,a
Action,c,h
Action,c,l
Action,a,d
Action,a,d
Action,b,i
Action,d,i
Action,v,o
Action,s,p
Action,j,i
Action,u,k
Action,h,o
Action,h,e
Action,h,o
Action,b,e
Action,f,o
Action,e,x
Action,t,w
Action,d,i
Action,m,o
Action,b,o
Action,h,e
Action,x,x
Action,a,n
Action,l,i
Action,h,o
Action,g,e
Action,q,u
Action,l,e
Action,d,i
Action,w,e
Action,h,u
Action,r,a
Action,s,n
Action,h,e
