decade,bad word,number of appearance
decade,bad word,number of appearance
1920,kid,6
1920,gun,6
1920,tramp,2
1920,blow,4
1920,girls,12
1920,failed,2
1920,attack,6
1920,smack,4
1920,crack,4
1920,fat,4
1920,fight,16
1920,killing,2
1920,sick,6
1920,murder,8
1920,kill,8
1920,dirty,2
1920,bigger,2
1920,dead,18
1920,shoot,2
1920,shooting,2
1920,fear,14
1920,killed,12
1920,enemy,6
1920,firing,2
1920,died,8
1920,die,10
1920,women's,2
1920,torture,4
1920,reject,2
1920,devil,8
1920,death,20
1920,lies,4
1920,liquor,2
1920,dies,2
1920,queer,2
1920,destroy,8
1920,burn,4
1920,beast,8
1920,sexual,2
1920,babies,2
1920,mad,2
1920,black,6
1920,explosion,2
1920,coloured,2
1920,drunken,2
1920,laid,2
1920,terror,4
1920,faith,4
1920,demon,2
1920,crime,2
1920,funeral,4
1920,fraud,2
1920,premature,2
1920,fire,4
1920,weapon,2
1920,slave,6
1920,gross,2
1920,period,2
1920,remains,2
1920,disease,2
1920,cock,4
1920,blind,2
1920,crash,2
1920,hole,2
1920,criminal,4
1920,knife,4
1920,hell,2
decade,bad word,number of appearance
1930,knife,64
1930,girls,200
1930,gay,46
1930,fear,94
1930,enemy,64
1930,sick,154
1930,harder,16
1930,mad,132
1930,angry,42
1930,killed,338
1930,died,90
1930,blow,88
1930,black,122
1930,lies,54
1930,ass,10
1930,laid,50
1930,bigger,38
1930,fire,196
1930,nasty,54
1930,nip,14
1930,bombs,12
1930,murder,126
1930,shoot,186
1930,shooting,62
1930,stupid,88
1930,conspiracy,8
1930,attack,36
1930,remains,30
1930,bombing,6
1930,kills,30
1930,hostage,4
1930,fight,206
1930,dead,304
1930,devil,70
1930,gun,98
1930,destroy,64
1930,death,186
1930,snatch,10
1930,queer,30
1930,fat,70
1930,dirty,106
1930,kill,398
1930,gin,16
1930,swallow,12
1930,slaughter,10
1930,scum,8
1930,pistol,14
1930,execution,16
1930,balls,14
1930,cock,8
1930,idiot,16
1930,hillbillies,2
1930,sissy,6
1930,desire,42
1930,drunk,70
1930,babe,2
1930,kid,96
1930,tongue,28
1930,colored,4
1930,faith,48
1930,blind,34
1930,die,164
1930,damn,32
1930,dies,26
1930,torture,16
1930,killing,68
1930,church,34
1930,dumb,46
1930,buried,54
1930,murderer,58
1930,hole,28
1930,burn,66
1930,firing,18
1930,sucker,20
1930,crash,6
1930,diddle,2
1930,liberal,2
1930,escort,26
1930,god,16
1930,failed,22
1930,servant,26
1930,crime,52
1930,executed,4
1930,aroused,6
1930,demon,6
1930,violence,4
1930,terror,20
1930,criminal,30
1930,poverty,4
1930,funeral,22
1930,drunken,20
1930,pot,18
1930,virgin,8
1930,children's,6
1930,disturbed,24
1930,fairy,24
1930,toilet,4
1930,period,8
1930,color,26
1930,whiskey,26
1930,smack,18
1930,cigarette,34
1930,stroke,14
1930,whites,4
1930,nipple,2
1930,chin,32
1930,bomb,6
1930,geezer,2
1930,boom,8
1930,disease,6
1930,killer,12
1930,cemetery,2
1930,spit,18
1930,assassin,2
1930,narcotic,2
1930,heroin,2
1930,drug,8
1930,joint,26
1930,hook,24
1930,gross,4
1930,dope,4
1930,reefer,2
1930,homicide,8
1930,crack,46
1930,weapon,2
1930,coloured,4
1930,slave,32
1930,beast,6
1930,radical,6
1930,jackass,2
1930,horn,24
1930,hussy,4
1930,abuse,4
1930,assassinate,4
1930,deposit,6
1930,squaw,4
1930,liquor,12
1930,butt,4
1930,puss,4
1930,booby,2
1930,breast,10
1930,assault,2
1930,babies,10
1930,suicide,4
1930,crimes,14
1930,failure,20
1930,sex,18
1930,hell,38
1930,whiz,10
1930,cocktail,12
1930,women's,18
1930,ho,4
1930,bible,2
1930,naked,6
1930,itch,6
1930,tinkle,2
1930,amateur,6
1930,welfare,6
1930,molest,2
1930,spank,10
1930,erect,2
1930,doom,4
1930,jade,4
1930,sob,6
1930,suck,2
1930,refugee,2
1930,muff,2
1930,screw,4
1930,dive,4
1930,tramp,10
1930,sexed,2
1930,cum,2
1930,nude,2
1930,chink,4
1930,robber,4
1930,adult,4
1930,execute,6
1930,orgy,4
1930,conservative,2
1930,explosion,2
1930,criminals,2
1930,fairies,4
1930,boner,2
1930,hobo,2
1930,gob,2
1930,banging,2
1930,peck,2
1930,chinese,4
1930,prick,2
1930,shit,2
1930,goddamn,2
1930,propaganda,4
1930,darky,2
decade,bad word,number of appearance
1940,kid,318
1940,shoot,420
1940,black,348
1940,dead,504
1940,fat,154
1940,kill,1130
1940,hole,126
1940,fight,500
1940,girls,356
1940,sick,342
1940,killed,932
1940,prick,14
1940,mad,208
1940,bigger,122
1940,buried,152
1940,death,396
1940,die,456
1940,dirty,192
1940,butt,24
1940,burn,116
1940,murder,370
1940,execution,20
1940,died,276
1940,idiot,56
1940,gross,14
1940,desire,94
1940,erect,6
1940,firing,46
1940,whites,14
1940,hook,52
1940,spic,4
1940,joint,74
1940,fire,364
1940,gay,92
1940,color,32
1940,knife,114
1940,ho,12
1940,devil,188
1940,cigarette,84
1940,stupid,228
1940,fear,190
1940,laid,112
1940,blow,272
1940,queer,34
1940,torture,48
1940,angry,96
1940,tongue,48
1940,destroy,162
1940,attack,102
1940,poverty,20
1940,criminal,74
1940,killing,198
1940,failed,52
1940,faith,106
1940,welfare,16
1940,funeral,18
1940,church,150
1940,period,24
1940,women's,28
1940,enemy,114
1940,bomb,44
1940,pot,58
1940,drunken,34
1940,escort,24
1940,shooting,148
1940,gun,398
1940,lies,92
1940,suicide,36
1940,nigger,4
1940,niggers,4
1940,remains,36
1940,demon,8
1940,conspiracy,14
1940,liberal,14
1940,kike,2
1940,coon,12
1940,nasty,32
1940,disturbed,30
1940,sweetness,10
1940,suck,10
1940,dick,10
1940,drunk,128
1940,kills,52
1940,sucker,58
1940,dope,40
1940,sob,4
1940,killer,44
1940,spit,44
1940,beast,40
1940,blind,124
1940,pistol,42
1940,bombs,30
1940,sniper,2
1940,harder,24
1940,hell,64
1940,horn,44
1940,virgin,6
1940,weapon,22
1940,damn,18
1940,propaganda,8
1940,terror,28
1940,boom,18
1940,hostage,4
1940,refugee,8
1940,crime,86
1940,dies,22
1940,bombing,26
1940,stroke,20
1940,babies,24
1940,fairy,56
1940,gin,30
1940,crack,74
1940,slant,4
1940,tramp,20
1940,naked,20
1940,snatch,4
1940,dumb,106
1940,smack,34
1940,lotion,22
1940,murderer,72
1940,crimes,22
1940,fraud,6
1940,swallow,30
1940,illegal,20
1940,dive,10
1940,servant,30
1940,slave,50
1940,balls,10
1940,assault,18
1940,colored,34
1940,whiskey,28
1940,god,26
1940,amateur,30
1940,chin,26
1940,ass,2
1940,crap,12
1940,loser,16
1940,disease,26
1940,spank,6
1940,jade,22
1940,narcotic,2
1940,whiz,2
1940,cancer,8
1940,nip,8
1940,children's,10
1940,squaw,6
1940,crabs,2
1940,deposit,28
1940,corruption,12
1940,diseases,4
1940,cock,10
1940,banging,4
1940,liquor,60
1940,scum,12
1940,pansies,2
1940,crash,22
1940,aroused,4
1940,breast,4
1940,cemetery,18
1940,sexual,2
1940,drug,28
1940,violence,26
1940,poop,4
1940,failure,20
1940,homicide,4
1940,fairies,2
1940,cocktail,16
1940,japanese,10
1940,chinese,2
1940,american,8
1940,jap,2
1940,fu,2
1940,headlights,6
1940,gyp,8
1940,husky,4
1940,penthouse,6
1940,pixie,2
1940,itch,2
1940,nazi,8
1940,german,2
1940,hustler,2
1940,sex,6
1940,toilet,4
1940,radical,6
1940,premature,2
1940,payo,12
1940,screw,4
1940,spunk,2
1940,booby,10
1940,puss,2
1940,explosion,4
1940,whit,2
1940,diddle,24
1940,beaver,2
1940,jackass,18
1940,bombers,8
1940,abuse,4
1940,penetration,2
1940,bible,2
1940,muff,4
1940,orgy,2
1940,minority,2
1940,peck,8
1940,cocky,6
1940,kraut,2
1940,conservative,6
1940,harem,2
1940,sniggering,2
1940,bestial,2
1940,criminals,14
1940,babe,4
1940,darkie,2
1940,geezer,4
1940,fart,2
1940,nude,2
1940,bullshit,2
1940,henhouse,2
1940,blacks,6
1940,molest,2
1940,boob,2
1940,boobs,4
1940,execute,4
1940,moron,2
1940,assassination,6
1940,assassin,18
1940,executed,12
1940,terrorist,2
1940,backseat,2
1940,cum,2
1940,weenie,2
1940,executioner,2
1940,adult,6
1940,whitey,2
1940,dong,6
1940,tit,2
1940,blackout,2
1940,kink,2
1940,radicals,2
1940,doom,6
1940,nook,2
1940,swastika,2
1940,moles,2
1940,bitch,2
1940,yankee,6
1940,fore,2
1940,doo-doo,20
1940,hobo,2
1940,coloured,2
decade,bad word,number of appearance
1950,faith,174
1950,kid,538
1950,attack,210
1950,boobs,4
1950,damn,190
1950,nasty,74
1950,harder,66
1950,kill,1566
1950,hell,234
1950,dope,30
1950,goddamn,18
1950,death,502
1950,sick,442
1950,honkers,8
1950,blow,374
1950,funeral,72
1950,dead,816
1950,firing,120
1950,fire,630
1950,harem,10
1950,dirty,270
1950,bigger,196
1950,die,928
1950,liquor,80
1950,girls,596
1950,fight,790
1950,babies,44
1950,spit,102
1950,spank,20
1950,bombing,24
1950,failed,84
1950,fat,212
1950,hole,184
1950,dive,40
1950,destroy,292
1950,enemy,200
1950,killed,908
1950,shooting,146
1950,screw,14
1950,crash,44
1950,lies,166
1950,beast,56
1950,cocktail,68
1950,stupid,266
1950,stroke,56
1950,remains,88
1950,sexual,12
1950,weapon,64
1950,angry,160
1950,died,416
1950,snigger,4
1950,drunk,166
1950,failure,34
1950,blind,112
1950,church,146
1950,black,410
1950,laid,174
1950,joint,64
1950,knife,144
1950,sucker,30
1950,mad,246
1950,butt,28
1950,dumb,92
1950,hook,80
1950,swallow,38
1950,sperm,8
1950,murder,326
1950,desire,96
1950,naked,46
1950,slave,126
1950,bomb,140
1950,explosion,36
1950,suicide,38
1950,killing,226
1950,cigarette,122
1950,gun,434
1950,tongue,74
1950,marijuana,8
1950,dies,26
1950,welfare,32
1950,conservative,8
1950,illegal,14
1950,fear,288
1950,reject,14
1950,servant,44
1950,fairy,54
1950,whiz,4
1950,torture,34
1950,liberal,12
1950,women's,38
1950,refugee,6
1950,deposit,26
1950,balls,14
1950,coloured,4
1950,devil,148
1950,intercourse,6
1950,blacks,4
1950,geezer,2
1950,idiot,58
1950,period,30
1950,color,106
1950,pot,54
1950,robber,10
1950,kills,70
1950,execution,28
1950,shoot,434
1950,execute,12
1950,escort,40
1950,crack,160
1950,booby,8
1950,gin,56
1950,buried,154
1950,adult,20
1950,banging,16
1950,killer,48
1950,rump,4
1950,drug,36
1950,pansies,4
1950,gay,94
1950,tramp,50
1950,creamy,4
1950,crime,124
1950,whiskey,64
1950,sniper,2
1950,assault,20
1950,addict,2
1950,cum,2
1950,poverty,14
1950,taboo,12
1950,sissy,6
1950,queer,14
1950,erect,8
1950,burn,246
1950,crap,50
1950,sex,34
1950,amateur,26
1950,smack,28
1950,colored,40
1950,horny,8
1950,terror,28
1950,disturbed,54
1950,racial,2
1950,cemetery,26
1950,homicide,18
1950,disease,24
1950,redneck,6
1950,spunk,2
1950,god,146
1950,nip,24
1950,beaver,4
1950,babe,20
1950,breast,22
1950,bra,6
1950,toilet,20
1950,horn,22
1950,honk,2
1950,fraud,6
1950,diddle,8
1950,drunken,44
1950,criminals,12
1950,executed,10
1950,criminal,64
1950,murderer,46
1950,violence,38
1950,slant,8
1950,scallywag,2
1950,boom,12
1950,slaughter,20
1950,jade,6
1950,rabbi,6
1950,whites,4
1950,crimes,24
1950,cockfight,2
1950,blackout,18
1950,puke,2
1950,abuse,10
1950,chin,44
1950,doom,12
1950,raped,30
1950,sexually,2
1950,husky,2
1950,penthouse,4
1950,prostitute,2
1950,pimp,2
1950,hustler,6
1950,bombs,30
1950,nude,2
1950,whore,6
1950,molest,4
1950,bible,4
1950,children's,36
1950,demon,38
1950,squaw,16
1950,lotion,4
1950,pistol,12
1950,gyp,2
1950,pros,2
1950,conspiracy,10
1950,peck,8
1950,lingerie,6
1950,gross,18
1950,boner,4
1950,suck,26
1950,retarded,2
1950,damnation,10
1950,executioner,6
1950,coolie,6
1950,scum,12
1950,twinkie,2
1950,lynch,6
1950,rape,24
1950,snatch,14
1950,nymph,2
1950,sob,4
1950,bestial,2
1950,whit,4
1950,corruption,12
1950,cock,8
1950,ass,6
1950,abortion,2
1950,slimeball,2
1950,jackass,4
1950,quickie,2
1950,radical,4
1950,assassinate,4
1950,henhouse,2
1950,shag,6
1950,ho,22
1950,welcher,2
1950,bondage,10
1950,pixie,8
1950,whop,2
1950,fore,18
1950,alla,2
1950,loser,8
1950,assassination,4
1950,minority,4
1950,retard,6
1950,hostage,2
1950,panties,16
1950,bitch,4
1950,arse,4
1950,oral,4
1950,sooty,2
1950,asses,2
1950,vomit,2
1950,slime,4
1950,diseases,2
1950,poop,2
1950,cocky,2
1950,communist,6
1950,sweetness,16
1950,bombers,14
1950,boob,2
1950,limey,2
1950,itch,6
1950,pom,2
1950,goddamned,2
1950,fart,4
1950,spick,2
1950,virgin,8
1950,heroin,2
1950,reefer,2
1950,premature,6
1950,weenie,4
1950,gob,2
1950,fairies,6
1950,puss,4
1950,hobo,4
1950,shit,6
1950,baptist,2
1950,pussy,4
1950,excrement,2
1950,prick,4
1950,cancer,14
1950,muff,2
1950,fucked,2
1950,fuck,6
1950,pansy,2
1950,kink,2
1950,sexy,6
1950,piss,2
1950,foursome,2
1950,american,4
1950,nook,2
1950,moles,2
1950,moron,4
1950,peckerwood,2
1950,playgirl,2
1950,nipple,2
1950,bohunk,4
1950,negro,2
1950,propaganda,2
1950,jugs,2
decade,bad word,number of appearance
1960,bitch,44
1960,died,456
1960,fat,270
1960,fight,832
1960,chin,26
1960,sex,98
1960,disturbed,86
1960,ass,44
1960,dead,968
1960,damn,984
1960,sick,514
1960,church,252
1960,failure,50
1960,black,586
1960,sob,10
1960,pee,10
1960,fire,672
1960,swallow,52
1960,desire,160
1960,destroy,362
1960,torture,64
1960,killing,288
1960,hell,1512
1960,lies,212
1960,knife,182
1960,kill,2042
1960,buried,204
1960,kills,84
1960,pot,60
1960,spit,74
1960,girls,860
1960,whore,28
1960,color,128
1960,jesus,4
1960,enemy,304
1960,die,696
1960,devil,248
1960,babies,52
1960,killed,1310
1960,mad,354
1960,cancer,24
1960,disease,44
1960,tinkle,8
1960,laid,164
1960,death,610
1960,fear,308
1960,sexy,28
1960,crash,52
1960,blow,484
1960,idiot,100
1960,whiskey,68
1960,nip,30
1960,shoot,576
1960,dirty,418
1960,shooting,188
1960,fairy,40
1960,gun,480
1960,blind,212
1960,squaw,14
1960,drunk,242
1960,suck,16
1960,servant,70
1960,diseases,20
1960,angry,158
1960,crack,106
1960,slave,108
1960,tongue,100
1960,twink,2
1960,butt,66
1960,slaughter,16
1960,terror,48
1960,gay,44
1960,naked,114
1960,criminals,20
1960,violence,42
1960,pornography,4
1960,children's,40
1960,lingerie,4
1960,screw,36
1960,murder,200
1960,drunken,56
1960,remains,80
1960,crime,136
1960,tramp,14
1960,lynch,12
1960,hole,196
1960,killer,64
1960,weapon,74
1960,bigger,188
1960,beast,88
1960,faith,176
1960,hook,42
1960,sucker,34
1960,failed,100
1960,spank,16
1960,attack,250
1960,raped,26
1960,execution,20
1960,burn,252
1960,slut,12
1960,itch,18
1960,limey,6
1960,orgies,6
1960,stupid,416
1960,deposit,40
1960,suicide,34
1960,aroused,14
1960,sexual,56
1960,women's,38
1960,crimes,32
1960,escort,80
1960,period,60
1960,god,120
1960,welfare,38
1960,funeral,100
1960,murderer,50
1960,horn,36
1960,geezer,12
1960,kid,384
1960,bomb,126
1960,cigarette,78
1960,harder,90
1960,horny,8
1960,criminal,124
1960,minority,10
1960,drug,60
1960,colored,66
1960,balls,46
1960,gross,22
1960,breast,20
1960,sodom,2
1960,bible,34
1960,satan,2
1960,christian,8
1960,slime,8
1960,firing,102
1960,catholic,2
1960,protestant,2
1960,boobs,4
1960,banging,16
1960,cock,20
1960,toilet,22
1960,conspiracy,12
1960,nasty,136
1960,wop,12
1960,executed,24
1960,gin,72
1960,fondle,6
1960,tang,4
1960,boob,6
1960,mafia,4
1960,beaver,10
1960,ethnic,6
1960,penetration,6
1960,boner,2
1960,playboy,10
1960,stroke,40
1960,foursome,6
1960,honk,4
1960,cocktail,60
1960,whites,14
1960,chink,2
1960,prostitute,20
1960,communist,32
1960,dive,74
1960,nude,10
1960,stroking,12
1960,amateur,32
1960,crap,36
1960,dumb,104
1960,bombs,92
1960,kinky,8
1960,loser,14
1960,cocky,10
1960,incest,4
1960,fore,4
1960,syphilis,2
1960,queer,18
1960,bitchy,6
1960,rump,8
1960,liquor,78
1960,fag,16
1960,goddamn,96
1960,puke,6
1960,bitches,6
1960,peck,34
1960,babe,10
1960,rapist,2
1960,joint,80
1960,execute,12
1960,dies,38
1960,reject,28
1960,addicts,4
1960,explosion,20
1960,gob,2
1960,sweetness,8
1960,roach,8
1960,bombing,28
1960,whitey,16
1960,smack,28
1960,liberal,18
1960,virgin,16
1960,demon,10
1960,scum,22
1960,gringo,6
1960,cemetery,20
1960,pistol,46
1960,fu,18
1960,hustler,4
1960,heroin,4
1960,oral,6
1960,assault,30
1960,coloured,22
1960,whit,4
1960,whiz,2
1960,addict,4
1960,diddle,22
1960,ho,20
1960,assassin,10
1960,assassinate,6
1960,illegal,14
1960,adult,24
1960,radical,12
1960,hussy,2
1960,booby,14
1960,damnation,4
1960,refugee,6
1960,corruption,14
1960,republican,4
1960,premature,12
1960,fraud,18
1960,wog,4
1960,boom,18
1960,taboo,4
1960,prick,8
1960,doom,6
1960,erect,4
1960,sexually,12
1960,jackass,6
1960,husky,4
1960,sooty,4
1960,terrorist,2
1960,nigger,22
1960,piss,8
1960,racial,4
1960,dope,18
1960,goddamned,8
1960,fungus,2
1960,whop,2
1960,wanker,2
1960,propaganda,10
1960,rape,34
1960,poverty,18
1960,snatch,14
1960,cum,8
1960,puss,4
1960,pussy,6
1960,quickie,6
1960,abuse,14
1960,swastika,4
1960,radicals,2
1960,faggot,4
1960,penthouse,8
1960,fatso,2
1960,moron,4
1960,homo,4
1960,sniper,4
1960,hijacking,4
1960,dickhead,2
1960,intercourse,4
1960,homosexual,4
1960,bombers,50
1960,gyp,2
1960,tit,10
1960,pussycat,24
1960,blackout,8
1960,orgy,10
1960,moles,4
1960,fuck,10
1960,dong,10
1960,pissed,10
1960,poop,8
1960,masterbate,2
1960,spick,2
1960,heterosexual,2
1960,nymph,4
1960,scat,4
1960,bra,8
1960,panties,12
1960,penis,2
1960,arse,8
1960,masturbate,4
1960,twat,2
1960,fucked,2
1960,blacks,6
1960,wanking,2
1960,backseat,2
1960,shit,12
1960,honky,2
1960,crabs,4
1960,pimp,8
1960,vomit,4
1960,smut,4
1960,coon,10
1960,redneck,4
1960,molest,10
1960,hostage,4
1960,executioner,6
1960,slopehead,14
1960,coolie,6
1960,shite,2
1960,pommy,2
1960,baptist,8
1960,abortion,4
1960,narcotic,2
1960,robber,6
1960,homicide,16
1960,peckerwood,2
1960,bondage,2
1960,interracial,2
1960,doo-doo,6
1960,shat,2
1960,muff,2
1960,spunk,2
1960,nook,2
1960,molestation,2
1960,sniggering,4
1960,cocaine,2
1960,asses,2
1960,whorehouse,8
1960,goy,2
1960,turd,2
1960,fart,2
1960,bestial,2
1960,tits,4
1960,crappy,4
1960,weenie,2
1960,sluts,2
1960,harem,4
1960,niggers,2
1960,crotch,2
1960,retarded,2
1960,marijuana,4
1960,sperm,2
1960,threesome,2
1960,cooly,2
1960,libido,2
1960,conservative,6
1960,randy,2
1960,bugger,8
1960,pussies,2
1960,erection,2
1960,orgasm,2
1960,pubic,2
decade,bad word,number of appearance
1970,radical,26
1970,attack,314
1970,weapon,96
1970,kills,138
1970,women's,78
1970,illegal,70
1970,killed,1618
1970,terrorist,32
1970,destroy,402
1970,horny,30
1970,ass,850
1970,crash,62
1970,dead,1116
1970,hell,3870
1970,failed,96
1970,minority,12
1970,bugger,20
1970,kill,2972
1970,damn,2004
1970,goddamn,1520
1970,banging,32
1970,blow,678
1970,dirty,468
1970,boob,4
1970,death,820
1970,black,976
1970,fear,350
1970,kid,606
1970,dope,106
1970,gin,42
1970,sick,612
1970,sissy,16
1970,dumb,380
1970,ho,38
1970,whites,44
1970,swallow,68
1970,asses,72
1970,shoot,900
1970,babies,106
1970,girls,742
1970,urinate,12
1970,violence,90
1970,fucking,994
1970,die,872
1970,hole,286
1970,asshole,72
1970,sexual,168
1970,disturbed,58
1970,fuck,740
1970,fight,974
1970,period,82
1970,laid,262
1970,bitch,434
1970,desire,112
1970,fire,690
1970,suicide,94
1970,angry,142
1970,sex,244
1970,semen,8
1970,lies,198
1970,drunk,260
1970,bible,22
1970,died,624
1970,church,286
1970,deposit,58
1970,toilet,94
1970,cigarette,78
1970,backseat,18
1970,crack,144
1970,bra,20
1970,tongue,106
1970,shooting,276
1970,beaver,28
1970,hijacking,14
1970,gun,594
1970,faggot,28
1970,hookers,10
1970,mad,366
1970,liquor,60
1970,butt,102
1970,fat,300
1970,lynch,8
1970,dies,72
1970,shit,668
1970,stroke,50
1970,explosion,52
1970,knife,158
1970,faith,172
1970,virgin,68
1970,naked,110
1970,protestant,4
1970,murder,322
1970,blind,262
1970,vagina,4
1970,bigger,280
1970,vulva,4
1970,stupid,438
1970,vomit,16
1970,killing,414
1970,criminals,38
1970,adult,48
1970,bomb,180
1970,buried,150
1970,panties,12
1970,pissing,38
1970,assault,38
1970,torture,38
1970,raped,60
1970,idiot,100
1970,devil,206
1970,drunken,66
1970,hook,78
1970,fart,24
1970,breast,32
1970,horn,72
1970,criminal,124
1970,burn,284
1970,molest,12
1970,enemy,310
1970,slut,12
1970,servant,70
1970,escort,64
1970,killer,118
1970,whiskey,110
1970,moron,12
1970,pistol,54
1970,conspiracy,42
1970,firing,100
1970,whitey,10
1970,turd,14
1970,homicide,14
1970,balls,126
1970,bombs,84
1970,screw,196
1970,fucked,96
1970,bullshit,116
1970,hustler,14
1970,liberal,22
1970,demon,28
1970,homosexual,18
1970,gay,82
1970,crap,162
1970,god,136
1970,rape,106
1970,suck,76
1970,bisexual,6
1970,spit,132
1970,penis,22
1970,disease,96
1970,erection,8
1970,fairy,52
1970,beast,84
1970,slave,64
1970,nasty,110
1970,harder,132
1970,execute,20
1970,execution,28
1970,boobs,16
1970,joint,88
1970,pissed,94
1970,smack,36
1970,motherfucking,38
1970,color,138
1970,niggers,58
1970,pimp,38
1970,nigger,102
1970,bitches,50
1970,pot,98
1970,greaseball,4
1970,cunt,16
1970,goddamned,76
1970,snatch,24
1970,tits,60
1970,sucker,84
1970,assholes,34
1970,fuckers,6
1970,motherfucker,36
1970,pussy,44
1970,homo,4
1970,fairies,12
1970,spick,2
1970,dive,32
1970,itch,8
1970,shag,8
1970,funeral,116
1970,cemetery,30
1970,remains,92
1970,crime,254
1970,cancer,26
1970,pros,12
1970,diseases,14
1970,tang,2
1970,prick,28
1970,welfare,82
1970,tit,20
1970,drug,84
1970,shithead,4
1970,hillbillies,6
1970,sexually,30
1970,flasher,4
1970,gringo,12
1970,abuse,36
1970,blacks,22
1970,crappy,10
1970,headlights,12
1970,babe,40
1970,piss,124
1970,anus,4
1970,titty,10
1970,sniggering,4
1970,whore,72
1970,fore,6
1970,bitching,10
1970,reject,24
1970,blackout,4
1970,bombers,24
1970,slaughter,46
1970,fag,20
1970,honky,32
1970,pubic,6
1970,palestinian,4
1970,dick,38
1970,refugee,4
1970,arab,2
1970,gross,32
1970,chin,32
1970,dammit,2
1970,booby,10
1970,murderer,70
1970,tard,2
1970,cocktail,42
1970,porn,4
1970,queer,28
1970,shitting,20
1970,executed,28
1970,coon,10
1970,sexy,58
1970,scum,22
1970,marijuana,18
1970,spic,8
1970,terror,20
1970,cock,38
1970,whiz,8
1970,sodomy,2
1970,brothel,10
1970,whorehouse,16
1970,wanking,2
1970,sniper,8
1970,orgasm,10
1970,damnation,6
1970,rabbi,20
1970,crimes,42
1970,propaganda,16
1970,jewish,2
1970,nip,8
1970,conservative,14
1970,pud,2
1970,buggered,6
1970,abo,2
1970,doo-doo,4
1970,kinky,8
1970,fetish,2
1970,creamy,2
1970,prostitute,10
1970,hostage,20
1970,amateur,48
1970,jackass,12
1970,loser,32
1970,bombing,20
1970,shits,12
1970,poverty,18
1970,poontang,6
1970,horseshit,10
1970,slime,8
1970,addict,8
1970,cocaine,10
1970,harem,2
1970,children's,52
1970,licker,2
1970,geezer,14
1970,arsehole,4
1970,arse,8
1970,playboy,2
1970,heroin,42
1970,lowlife,8
1970,nude,22
1970,commie,14
1970,snot,12
1970,communist,22
1970,jugs,16
1970,failure,48
1970,racial,8
1970,hobo,6
1970,nigger's,4
1970,premature,28
1970,colored,42
1970,knockers,4
1970,titties,10
1970,shitfaced,6
1970,fucker,10
1970,puke,14
1970,hooker,20
1970,oral,16
1970,doom,16
1970,orgy,6
1970,redneck,8
1970,fondle,10
1970,ethnic,6
1970,boom,44
1970,pooper,2
1970,poop,2
1970,fucks,18
1970,transvestite,12
1970,libido,4
1970,hummer,4
1970,honk,10
1970,pee,22
1970,fungus,2
1970,henhouse,4
1970,hijack,12
1970,assassin,28
1970,radicals,8
1970,puss,2
1970,orgies,2
1970,rump,4
1970,sadis,2
1970,penthouse,6
1970,tramp,8
1970,diddle,4
1970,lingerie,4
1970,crabs,8
1970,lesbian,8
1970,uterus,4
1970,rectum,4
1970,peck,4
1970,looser,2
1970,pussycat,10
1970,muff,2
1970,jade,8
1970,excrement,2
1970,bestial,4
1970,executioner,2
1970,jew,6
1970,corruption,26
1970,christian,14
1970,retarded,6
1970,pansies,2
1970,sonofabitch,8
1970,abortion,6
1970,stroking,4
1970,testicles,2
1970,robber,6
1970,lotion,4
1970,threesome,2
1970,porno,8
1970,cocky,6
1970,assassinate,8
1970,gook,14
1970,dink,4
1970,assassination,28
1970,niggard,2
1970,racist,10
1970,pee-pee,4
1970,pecker,4
1970,smut,4
1970,spank,16
1970,dago,6
1970,molester,2
1970,hijacker,6
1970,interracial,4
1970,limey,14
1970,mulatto,2
1970,taboo,4
1970,ejaculation,6
1970,intercourse,8
1970,gangbang,2
1970,nipple,2
1970,sperm,6
1970,urinary,2
1970,stringer,2
1970,chinese,6
1970,german,6
1970,scag,4
1970,fraud,8
1970,tinkle,2
1970,kraut,8
1970,swastika,2
1970,defecate,2
1970,sodomize,2
1970,rapist,6
1970,skank,4
1970,heterosexual,6
1970,sooty,4
1970,quickie,4
1970,pussies,4
1970,wop,18
1970,yankee,2
1970,sweetness,4
1970,shithouse,8
1970,crotch,6
1970,dyke,8
1970,nigga,8
1970,pansy,2
1970,jism,2
1970,coloured,6
1970,narcotic,4
1970,bohunk,2
1970,slutty,2
1970,ribbed,2
1970,nazi,2
1970,alla,4
1970,european,2
1970,american,2
1970,catholic,2
1970,latin,6
1970,clit,2
1970,nookie,8
1970,booty,6
1970,cocksucker,4
1970,dipstick,2
1970,rimming,2
1970,bi,10
1970,fu,22
1970,condom,2
1970,poo,4
1970,ky,2
1970,jihad,2
1970,squaw,14
1970,pooping,2
1970,addicts,2
1970,hoes,2
1970,weenie,6
1970,syphilis,2
1970,negro,6
1970,aroused,4
1970,spunk,2
1970,beaner,2
1970,african,2
1970,urine,4
1970,twat,2
1970,dipshit,2
1970,masturbate,4
1970,willie,14
1970,kike,2
1970,sob,6
1970,copulate,2
1970,christ,2
1970,pornography,4
1970,masturbating,2
1970,herpes,2
1970,cocksucking,2
1970,peckerwood,2
1970,moles,2
1970,sluts,2
1970,blowjob,2
1970,vibrator,2
1970,penetration,2
1970,mafia,2
1970,hussy,2
1970,erect,2
decade,bad word,number of appearance
1980,kill,2752
1980,die,738
1980,shit,1090
1980,sex,386
1980,fuck,1446
1980,fucking,1752
1980,sexual,142
1980,fire,738
1980,reject,26
1980,hell,3398
1980,dead,1084
1980,babies,86
1980,killed,1588
1980,gay,30
1980,bomb,94
1980,kid,736
1980,lies,154
1980,death,550
1980,criminal,124
1980,goddamn,1164
1980,fucked,242
1980,babe,56
1980,assault,52
1980,angry,160
1980,damn,1462
1980,crack,116
1980,dirty,366
1980,shooting,204
1980,toilet,94
1980,laid,238
1980,butt,142
1980,hole,202
1980,ass,834
1980,stupid,540
1980,fat,290
1980,sick,500
1980,funeral,74
1980,killing,364
1980,naked,128
1980,shoot,634
1980,killer,118
1980,died,444
1980,black,646
1980,corruption,20
1980,murder,342
1980,screw,170
1980,god,120
1980,transvestite,8
1980,goddamned,96
1980,weapon,72
1980,dope,56
1980,heroin,38
1980,swallow,68
1980,crime,180
1980,destroy,312
1980,explosion,38
1980,enemy,132
1980,drug,212
1980,mad,262
1980,homicide,12
1980,fight,736
1980,mexican,10
1980,kills,70
1980,bible,8
1980,bullshit,162
1980,piss,164
1980,pissed,170
1980,attack,248
1980,scum,42
1980,gun,502
1980,bitch,396
1980,failed,80
1980,girls,684
1980,vagina,6
1980,shag,10
1980,cigarette,82
1980,amateur,36
1980,tongue,98
1980,conservative,12
1980,women's,40
1980,refugee,14
1980,fucks,36
1980,bigger,236
1980,balls,168
1980,drunk,186
1980,blow,556
1980,joint,96
1980,welfare,34
1980,cancer,32
1980,horn,46
1980,sucker,64
1980,blind,214
1980,burn,232
1980,wop,14
1980,boom,20
1980,ho,48
1980,porno,18
1980,boob,4
1980,torture,56
1980,cocktail,32
1980,sexually,30
1980,hobo,6
1980,color,132
1980,idiot,94
1980,fart,38
1980,servant,14
1980,slave,50
1980,pot,74
1980,bombs,44
1980,church,144
1980,dumb,270
1980,racist,8
1980,assholes,90
1980,beast,58
1980,blackout,12
1980,devil,116
1980,escort,62
1980,criminals,20
1980,knife,140
1980,asshole,116
1980,spit,124
1980,desire,110
1980,disease,56
1980,vaginal,2
1980,stroke,18
1980,suicide,88
1980,raped,64
1980,rape,58
1980,puke,26
1980,nasty,86
1980,fear,204
1980,suck,78
1980,faith,106
1980,gook,24
1980,murderer,32
1980,whore,54
1980,bitches,32
1980,dive,66
1980,penetration,8
1980,hooker,16
1980,children's,58
1980,vomit,12
1980,dildo,4
1980,boobs,10
1980,sexy,62
1980,adult,28
1980,violence,70
1980,bombing,24
1980,whiskey,70
1980,crimes,46
1980,sperm,18
1980,deposit,42
1980,honk,6
1980,shitter,4
1980,abuse,26
1980,liquor,58
1980,fairy,50
1980,terror,22
1980,failure,50
1980,harder,80
1980,execute,24
1980,faggot,14
1980,crappy,10
1980,disturbed,28
1980,drunken,24
1980,moron,10
1980,redneck,6
1980,slimeball,2
1980,crash,94
1980,remains,80
1980,cemetery,18
1980,illegal,82
1980,nude,24
1980,lowlife,4
1980,roach,4
1980,buried,216
1980,tits,54
1980,breast,12
1980,tit,18
1980,ethnic,8
1980,premature,14
1980,crotch,4
1980,homo,10
1980,cum,8
1980,dick,98
1980,shithead,6
1980,prostitute,12
1980,horny,34
1980,fuckers,16
1980,hook,96
1980,booby,26
1980,asses,64
1980,sissy,6
1980,colored,110
1980,testicle,6
1980,execution,16
1980,snot,12
1980,motherfucker,72
1980,pissing,40
1980,booty,6
1980,smack,30
1980,hostage,28
1980,gross,42
1980,assassin,16
1980,shitting,28
1980,assassinate,14
1980,pussy,84
1980,pussycat,2
1980,greaseball,8
1980,spic,6
1980,prick,22
1980,dike,4
1980,conspiracy,16
1980,cocksucker,4
1980,fucker,34
1980,slime,20
1980,radical,18
1980,gin,24
1980,pros,8
1980,peck,2
1980,firing,62
1980,liberal,14
1980,hookers,12
1980,oral,20
1980,terrorist,48
1980,period,56
1980,dies,62
1980,motherfucking,68
1980,banging,28
1980,cocaine,22
1980,assassination,12
1980,poverty,28
1980,retarded,14
1980,minority,18
1980,penthouse,10
1980,panties,18
1980,doom,4
1980,cock,16
1980,skank,8
1980,niggers,52
1980,cunt,6
1980,diseases,6
1980,whorehouse,6
1980,whit,2
1980,feces,2
1980,virgin,34
1980,itch,30
1980,pee,34
1980,pistol,48
1980,demon,16
1980,limey,4
1980,chin,18
1980,crap,102
1980,catholic,6
1980,dink,4
1980,lotion,14
1980,smut,4
1980,nip,10
1980,loser,18
1980,kinky,10
1980,pornography,10
1980,uterus,10
1980,shits,14
1980,excrement,4
1980,snatch,14
1980,nigger,56
1980,nook,4
1980,sweetness,10
1980,meth,2
1980,racial,12
1980,slut,4
1980,gringo,14
1980,fatso,2
1980,wank,4
1980,headlights,6
1980,pecker,16
1980,penis,22
1980,negro,12
1980,bugger,8
1980,marijuana,6
1980,propaganda,12
1980,brothel,2
1980,pubic,2
1980,jade,4
1980,bra,22
1980,weenie,10
1980,nipple,6
1980,turd,18
1980,fag,16
1980,vibrator,4
1980,homosexual,8
1980,orgy,8
1980,slaughter,4
1980,fetish,2
1980,horseshit,8
1980,boobies,2
1980,doo-doo,10
1980,titties,4
1980,nigger's,6
1980,fraud,4
1980,latin,6
1980,pimp,26
1980,jerkoff,2
1980,aroused,8
1980,orgasm,2
1980,rabbi,16
1980,motherfuck,2
1980,blowjob,4
1980,bohunk,4
1980,jizz,4
1980,lesbian,8
1980,shithouse,16
1980,squaw,8
1980,slant,2
1980,sniper,14
1980,buggered,10
1980,jugs,2
1980,honky,24
1980,scag,4
1980,spank,14
1980,whacker,2
1980,intercourse,8
1980,heterosexual,4
1980,erect,4
1980,queer,22
1980,pansies,2
1980,executed,20
1980,testicles,12
1980,poop,4
1980,urinate,4
1980,lingerie,4
1980,bi,2
1980,creamy,8
1980,titty,4
1980,schlong,6
1980,jackass,2
1980,gob,2
1980,hussy,2
1980,taboo,4
1980,backseat,8
1980,bitchy,2
1980,fungus,14
1980,addict,8
1980,porn,2
1980,semen,2
1980,copulate,2
1980,bitching,4
1980,cocky,10
1980,geezer,4
1980,fu,4
1980,urine,6
1980,shitfaced,6
1980,beaver,10
1980,retard,2
1980,hijacking,4
1980,fuc,2
1980,peepshow,2
1980,fore,4
1980,communist,14
1980,crapper,2
1980,addicts,2
1980,nuke,6
1980,herpes,6
1980,german,2
1980,cornhole,2
1980,blacks,12
1980,gangbang,6
1980,jesus,6
1980,chinese,2
1980,american,26
1980,butt-fuck,6
1980,erection,6
1980,whiz,6
1980,reefer,4
1980,hijacker,2
1980,dyke,2
1980,lynch,6
1980,cocksucking,4
1980,stringer,2
1980,japanese,18
1980,commie,6
1980,coon,8
1980,condom,4
1980,goy,2
1980,flasher,2
1980,arse,8
1980,poo,4
1980,robber,2
1980,barf,2
1980,radicals,8
1980,skanky,2
1980,wuss,2
1980,goyim,2
1980,pansy,4
1980,syphilis,2
1980,abortion,6
1980,nookie,2
1980,looser,2
1980,tramp,4
1980,dickhead,4
1980,muff,2
1980,enema,2
1980,ejaculation,2
1980,whop,2
1980,hebe,4
1980,whites,2
1980,fondle,2
1980,ribbed,2
1980,rapist,2
1980,foreskin,2
1980,damnation,2
1980,bombers,4
1980,nymph,2
1980,bi-sexual,2
1980,slutty,2
1980,scrotum,4
1980,boner,2
1980,vulva,2
1980,sexpot,2
1980,crabs,6
1980,zipperhead,2
1980,poon,2
1980,coloured,4
1980,poontang,2
1980,pussies,2
1980,mafia,2
1980,negro's,2
1980,dumbass,2
1980,spunky,2
1980,lesbo,2
1980,pisser,2
1980,incest,6
1980,shagging,14
1980,ginzo,2
1980,quim,2
1980,hustler,2
1980,foursome,2
1980,twat,2
1980,anal,2
1980,penises,2
1980,dipshit,2
decade,bad word,number of appearance
1990,girls,618
1990,blow,608
1990,kill,2954
1990,suck,124
1990,hook,180
1990,dead,1244
1990,hell,3086
1990,fungus,16
1990,butt,214
1990,dirty,242
1990,screw,176
1990,die,958
1990,fight,828
1990,hijack,12
1990,drug,280
1990,smack,70
1990,babe,50
1990,lies,172
1990,bigger,296
1990,destroy,256
1990,fire,774
1990,died,650
1990,goddamn,1238
1990,color,178
1990,fucking,4456
1990,kid,904
1990,dumb,192
1990,damn,1502
1990,crime,256
1990,black,962
1990,crap,134
1990,shits,30
1990,church,252
1990,fear,326
1990,drunken,28
1990,bitch,378
1990,fat,468
1990,stupid,754
1990,angry,184
1990,period,68
1990,sex,410
1990,boobies,4
1990,assholes,40
1990,disease,52
1990,asshole,152
1990,bomb,260
1990,pot,96
1990,reject,54
1990,hole,212
1990,fuck,2652
1990,god,110
1990,death,748
1990,buried,198
1990,hostage,44
1990,crash,130
1990,joint,98
1990,banging,46
1990,killed,1540
1990,shoot,914
1990,escort,70
1990,sick,654
1990,retarded,10
1990,bitches,60
1990,bible,10
1990,killing,428
1990,bullshit,186
1990,harder,114
1990,loser,66
1990,sexual,202
1990,laid,174
1990,conservative,16
1990,enemy,128
1990,fucked,486
1990,pissed,172
1990,shit,1482
1990,shooting,224
1990,kills,130
1990,adult,64
1990,women's,96
1990,crimes,50
1990,baptist,2
1990,fairy,88
1990,propaganda,14
1990,beast,62
1990,kraut,2
1990,scum,46
1990,attack,210
1990,poverty,22
1990,conspiracy,34
1990,negro,10
1990,racist,24
1990,gun,632
1990,colored,52
1990,chinaman,2
1990,raped,74
1990,cigarette,94
1990,criminal,116
1990,murderer,28
1990,demon,30
1990,excrement,4
1990,criminals,42
1990,crack,138
1990,dies,82
1990,itch,22
1990,gin,50
1990,mad,364
1990,funeral,100
1990,spit,98
1990,bugger,26
1990,blind,162
1990,narcotic,2
1990,assault,52
1990,tongue,108
1990,tang,4
1990,breast,46
1990,boobs,16
1990,firing,70
1990,murder,398
1990,knife,106
1990,remains,102
1990,moron,26
1990,toilet,108
1990,idiot,82
1990,gob,2
1990,asswipe,2
1990,ass,1082
1990,roach,12
1990,piss,156
1990,sexy,146
1990,dope,58
1990,fuckers,26
1990,goddamned,52
1990,weapon,94
1990,virgin,50
1990,burn,308
1990,boom,36
1990,booty,34
1990,dick,158
1990,cocktail,40
1990,killer,180
1990,rape,74
1990,bitching,10
1990,abuse,72
1990,balls,178
1990,fucker,48
1990,pissing,38
1990,fucks,26
1990,cocksucker,12
1990,puke,28
1990,shitted,2
1990,tit,12
1990,faith,106
1990,devil,132
1990,horn,34
1990,bombs,32
1990,stroke,62
1990,desire,150
1990,catholic,12
1990,protestant,2
1990,uterus,10
1990,babies,98
1990,radical,22
1990,failed,106
1990,cancer,58
1990,whiskey,42
1990,nude,12
1990,deposit,40
1990,pansy,4
1990,homosexual,14
1990,horny,16
1990,homo,2
1990,hussy,4
1990,playboy,4
1990,fart,46
1990,motherfucking,226
1990,homicide,28
1990,dive,48
1990,cemetery,20
1990,pecker,8
1990,drunk,196
1990,snatch,16
1990,liberal,46
1990,amateur,30
1990,whore,124
1990,spank,24
1990,welfare,38
1990,corruption,24
1990,illegal,100
1990,pussy,64
1990,torture,66
1990,foursome,4
1990,cocky,8
1990,naked,168
1990,squaw,4
1990,slut,24
1990,gay,136
1990,molest,4
1990,redneck,8
1990,tits,34
1990,porn,14
1990,children's,48
1990,panties,32
1990,erection,10
1990,boner,10
1990,arse,38
1990,queer,36
1990,nigger,110
1990,prick,32
1990,lowlife,18
1990,bra,24
1990,slaughter,20
1990,ho,54
1990,nasty,84
1990,urine,20
1990,sissy,12
1990,slime,14
1990,failure,42
1990,swallow,48
1990,lesbian,16
1990,pubic,24
1990,vagina,6
1990,liquor,50
1990,servant,46
1990,sexed,4
1990,oral,28
1990,turd,24
1990,penis,22
1990,disturbed,28
1990,sexually,28
1990,aroused,4
1990,asses,52
1990,sucker,44
1990,geezer,10
1990,violence,56
1990,shitting,38
1990,motherfucker,112
1990,masturbate,14
1990,cum,4
1990,porno,24
1990,titties,22
1990,slave,68
1990,gyp,4
1990,faggot,10
1990,cock,34
1990,hookers,6
1990,shat,4
1990,brothel,10
1990,premature,18
1990,shithead,10
1990,lingerie,10
1990,pimp,22
1990,crabs,10
1990,suicide,80
1990,shag,22
1990,limey,8
1990,fetish,6
1990,addicts,8
1990,addict,4
1990,abortion,16
1990,ethnic,14
1990,sodomise,2
1990,transsexual,6
1990,lotion,18
1990,taboo,8
1990,sooty,2
1990,vomit,8
1990,execute,16
1990,damnation,2
1990,execution,16
1990,gross,34
1990,jeez,4
1990,chin,38
1990,heterosexual,14
1990,creamy,6
1990,terrorist,48
1990,bombing,26
1990,rump,10
1990,sperm,22
1990,bombers,10
1990,snot,10
1990,assassin,18
1990,spic,10
1990,executioner,8
1990,kinky,16
1990,herpes,10
1990,pee,32
1990,clitoris,4
1990,orgasm,10
1990,rapist,18
1990,hijacking,8
1990,feces,2
1990,commie,8
1990,sob,4
1990,horseshit,6
1990,marijuana,10
1990,fatso,2
1990,explosion,32
1990,niglet,2
1990,niggers,48
1990,nip,14
1990,racial,18
1990,kike,2
1990,peckerwood,4
1990,cocaine,28
1990,nigga,62
1990,gangsta,4
1990,pickaninny,2
1990,doo-doo,4
1990,fondle,8
1990,condom,8
1990,pistol,22
1990,diseases,14
1990,robber,10
1990,honk,8
1990,nuke,36
1990,hooker,16
1990,assassination,12
1990,backseat,4
1990,sluts,2
1990,bestial,4
1990,prostitute,16
1990,urinate,10
1990,whiz,18
1990,wuss,6
1990,fu,12
1990,fuckhead,2
1990,whorehouse,2
1990,shithouse,4
1990,boob,2
1990,blacks,18
1990,tramp,22
1990,cunt,14
1990,fraud,20
1990,nigger's,14
1990,negroes,2
1990,peck,10
1990,erect,4
1990,blackout,10
1990,heroin,8
1990,mafia,2
1990,stroking,4
1990,alla,2
1990,anal,8
1990,bong,6
1990,tinkle,2
1990,vaginal,2
1990,semen,8
1990,harem,4
1990,motherfuck,2
1990,greaseball,4
1990,sodomite,2
1990,beaver,2
1990,jade,4
1990,lynch,8
1990,jihad,2
1990,libido,4
1990,penthouse,6
1990,shagging,6
1990,titty,8
1990,fore,2
1990,orgy,4
1990,incest,6
1990,rabbi,6
1990,refugee,4
1990,booby,4
1990,orgies,4
1990,gook,4
1990,wetback,2
1990,nipple,6
1990,dickless,4
1990,intercourse,8
1990,penetration,4
1990,triplex,2
1990,shite,8
1990,pisser,6
1990,pros,6
1990,minority,10
1990,communist,4
1990,executed,14
1990,weenie,6
1990,testicles,6
1990,slant,2
1990,terror,14
1990,twinkie,10
1990,crotch,6
1990,buggered,8
1990,fairies,2
1990,teat,2
1990,slimebucket,2
1990,cocksucking,2
1990,whites,14
1990,gringo,2
1990,jackass,4
1990,backdoor,2
1990,fistfuck,2
1990,japanese,4
1990,hustler,4
1990,reefer,2
1990,diddle,4
1990,masturbating,4
1990,pussies,4
1990,whit,2
1990,primetime,2
1990,slimeball,2
1990,dong,4
1990,tittie,2
1990,sodomy,2
1990,tranny,4
1990,meth,2
1990,fuckin,2
1990,hobo,2
1990,fagot,2
1990,quickie,2
1990,bi,4
1990,sweetness,2
1990,arab,6
1990,arabs,6
1990,american,6
1990,nookie,4
1990,ejaculation,4
1990,doom,12
1990,goy,2
1990,jew,2
1990,jewish,4
1990,husky,2
1990,crapper,2
1990,muff,2
1990,bitchin,2
1990,randy,2
1990,jizz,2
1990,barf,4
1990,goyim,2
1990,copulate,2
1990,poop,2
1990,blowjob,4
1990,wop,26
1990,testicle,2
1990,coloured,16
1990,dago,4
1990,jigaboo,2
1990,sniper,4
1990,sodomize,2
1990,italiano,2
1990,enema,4
1990,fornicate,4
1990,poo,12
1990,scat,2
1990,twat,2
1990,threesome,4
1990,puss,2
1990,soviet,2
1990,jesus,2
1990,ribbed,2
1990,mexican,2
1990,molester,2
1990,wank,2
1990,fag,4
1990,retard,4
1990,tampon,2
1990,slutty,4
1990,bondage,2
1990,assassinate,4
1990,gangbanger,4
1990,jugs,2
1990,clit,2
1990,dickhead,4
1990,chink,2
1990,genital,2
1990,raghead,6
1990,ejaculate,2
1990,skanky,2
1990,dildo,2
1990,quim,2
1990,sniggers,4
1990,skank,2
1990,pussycat,2
1990,jerkoff,2
1990,hooters,2
1990,penile,2
1990,dyke,2
1990,honky,6
1990,tosser,2
decade,bad word,number of appearance
2000,violence,36
2000,sex,504
2000,asshole,118
2000,fuck,1626
2000,bullshit,116
2000,crappy,18
2000,fire,454
2000,fucking,2112
2000,burn,182
2000,women's,50
2000,dead,776
2000,shit,1252
2000,sick,388
2000,porn,30
2000,crack,114
2000,fight,448
2000,screw,144
2000,moron,18
2000,horny,38
2000,fucked,294
2000,stupid,516
2000,blind,116
2000,kills,112
2000,fat,262
2000,died,420
2000,lingerie,10
2000,criminals,34
2000,liquor,32
2000,killer,146
2000,blow,396
2000,tits,34
2000,damn,922
2000,kill,1924
2000,killed,1064
2000,devil,66
2000,girls,482
2000,colored,34
2000,ass,928
2000,buried,114
2000,murder,206
2000,hell,1790
2000,black,550
2000,bomb,116
2000,testicle,10
2000,cigarette,44
2000,itch,8
2000,mad,262
2000,adult,30
2000,bong,20
2000,killing,258
2000,cock,60
2000,suck,112
2000,illegal,50
2000,hole,170
2000,loser,46
2000,gun,442
2000,pee,32
2000,shoot,480
2000,sucker,32
2000,faith,150
2000,drug,172
2000,failed,76
2000,crime,106
2000,hijack,8
2000,nuke,8
2000,execute,14
2000,attack,152
2000,die,590
2000,goddamn,610
2000,explosion,26
2000,terrorist,24
2000,bombing,22
2000,piss,128
2000,hook,126
2000,transsexual,12
2000,oral,16
2000,sexy,94
2000,spit,78
2000,gay,184
2000,destroy,220
2000,bitch,252
2000,ho,52
2000,sissy,8
2000,demon,30
2000,criminal,66
2000,knife,72
2000,death,346
2000,pissing,26
2000,motherfucking,62
2000,heroin,28
2000,pros,4
2000,idiot,84
2000,titties,14
2000,asses,54
2000,kid,506
2000,homicide,24
2000,shitting,40
2000,balls,136
2000,assholes,24
2000,dirty,144
2000,nipple,10
2000,masturbating,12
2000,masturbate,10
2000,toilet,44
2000,lies,90
2000,reject,48
2000,fairy,92
2000,disturbed,14
2000,tongue,80
2000,stroke,44
2000,gross,30
2000,fear,250
2000,weapon,68
2000,remains,62
2000,bigger,216
2000,niggers,28
2000,church,122
2000,naked,148
2000,dick,120
2000,penises,4
2000,fart,14
2000,dumb,158
2000,pubic,6
2000,booty,14
2000,drunken,20
2000,laid,114
2000,crap,126
2000,smack,42
2000,jew,2
2000,god,114
2000,baptist,10
2000,angry,138
2000,color,82
2000,protestant,22
2000,sexual,144
2000,communist,10
2000,faggot,26
2000,queer,8
2000,homosexual,12
2000,bombs,18
2000,pissed,114
2000,marijuana,26
2000,dope,34
2000,harder,78
2000,redneck,12
2000,prick,34
2000,conservative,4
2000,period,30
2000,firing,68
2000,skanky,4
2000,slave,38
2000,amateur,28
2000,raped,76
2000,fucks,54
2000,executed,16
2000,assault,30
2000,shooting,162
2000,scum,12
2000,bitchy,4
2000,welfare,16
2000,children's,48
2000,arse,10
2000,semen,14
2000,abortion,10
2000,coloured,10
2000,desire,82
2000,enemy,108
2000,servant,28
2000,doom,16
2000,horn,32
2000,joint,78
2000,cocktail,26
2000,whiz,8
2000,banging,28
2000,swallow,42
2000,drunk,158
2000,sob,10
2000,blackout,8
2000,shag,10
2000,panties,20
2000,sperm,14
2000,crotch,10
2000,uterus,2
2000,tampon,4
2000,whore,44
2000,refugee,16
2000,prostitute,4
2000,american,8
2000,radical,12
2000,torture,36
2000,babies,92
2000,boom,16
2000,pimp,26
2000,virgin,36
2000,crash,110
2000,pot,62
2000,pistol,38
2000,butt,78
2000,quickie,4
2000,dies,40
2000,funeral,32
2000,hijacking,2
2000,assassin,14
2000,gringo,6
2000,nigga,30
2000,deposit,32
2000,whorehouse,2
2000,bitches,58
2000,murderer,30
2000,faeces,4
2000,assassinate,6
2000,crimes,20
2000,lesbian,26
2000,skank,6
2000,hooker,10
2000,escort,36
2000,catholic,12
2000,catholics,2
2000,herpes,4
2000,scrotum,2
2000,bugger,8
2000,terror,16
2000,fucker,34
2000,republican,2
2000,peck,8
2000,whiskey,32
2000,motherfucker,98
2000,whites,8
2000,spank,18
2000,failure,30
2000,suicide,46
2000,conspiracy,12
2000,rape,54
2000,poo,10
2000,slaughter,14
2000,snot,12
2000,backdoor,10
2000,piker,4
2000,cancer,46
2000,cocksucker,8
2000,nigger,78
2000,fetish,6
2000,pussy,58
2000,wop,2
2000,boobs,20
2000,slut,14
2000,pee-pee,8
2000,condom,6
2000,bigass,2
2000,cocky,14
2000,sniper,10
2000,racist,14
2000,boob,10
2000,breast,24
2000,shitter,4
2000,beast,24
2000,nasty,86
2000,jerkoff,2
2000,cunt,6
2000,dive,30
2000,pikey,16
2000,shite,6
2000,shits,18
2000,hustler,2
2000,dickhead,2
2000,retard,12
2000,retarded,12
2000,corruption,16
2000,sweetness,10
2000,ethnic,4
2000,racial,16
2000,urinary,6
2000,jiggy,10
2000,penis,28
2000,titty,32
2000,erection,4
2000,orgy,6
2000,vomit,10
2000,commie,2
2000,transvestite,6
2000,goddamned,14
2000,cum,6
2000,testicles,4
2000,hostage,22
2000,vagina,6
2000,hobo,2
2000,lynch,2
2000,babe,42
2000,snatch,16
2000,cocaine,20
2000,fuckers,20
2000,sexually,14
2000,pussies,6
2000,tit,12
2000,gin,24
2000,propaganda,4
2000,cocksucking,2
2000,fu,8
2000,incest,2
2000,bra,26
2000,coolie,2
2000,disease,32
2000,diseases,4
2000,weenie,10
2000,brothel,4
2000,chink,2
2000,coon,12
2000,crabs,6
2000,nigger's,4
2000,execution,8
2000,dink,4
2000,gook,4
2000,beaver,4
2000,booby,4
2000,urinate,2
2000,foreskin,4
2000,peckerwood,2
2000,dipstick,4
2000,blacks,10
2000,assassination,14
2000,liberal,10
2000,fore,4
2000,tramp,6
2000,doo-doo,2
2000,geezer,6
2000,wanker,6
2000,twat,2
2000,wanking,6
2000,abuse,10
2000,nymph,2
2000,taboo,2
2000,pornography,8
2000,fraud,4
2000,damnation,2
2000,reefer,8
2000,jugs,2
2000,hillbillies,2
2000,chin,20
2000,spooge,4
2000,porno,20
2000,anus,6
2000,cemetery,12
2000,poverty,2
2000,jackass,8
2000,slime,4
2000,kinky,6
2000,shitted,10
2000,turd,4
2000,fairies,6
2000,rabbi,18
2000,penthouse,6
2000,pussycat,2
2000,minority,2
2000,heterosexual,4
2000,fag,12
2000,nude,14
2000,twink,4
2000,orgies,4
2000,puke,14
2000,poop,4
2000,shithouse,2
2000,robber,2
2000,honk,4
2000,muff,4
2000,vaginal,2
2000,anal,14
2000,whitey,2
2000,premature,8
2000,hookers,12
2000,spick,2
2000,randy,4
2000,nookie,2
2000,harem,2
2000,hoes,4
2000,pixie,12
2000,pecker,6
2000,flange,4
2000,showtime,12
2000,perv,4
2000,negro,4
2000,clit,8
2000,cornhole,2
2000,pansy,4
2000,horseshit,2
2000,trots,2
2000,urine,4
2000,slutty,4
2000,lotion,10
2000,cocktease,2
2000,shithead,4
2000,bollock,2
2000,shagging,2
2000,kike,2
2000,fornicate,2
2000,crapper,2
2000,mofo,2
2000,nip,2
2000,husky,2
2000,sluts,4
2000,boner,2
2000,sooty,2
2000,mormon,2
2000,libido,2
2000,erect,2
2000,lowlife,6
2000,fondle,6
2000,homo,6
2000,goy,4
2000,roach,4
2000,fungus,2
2000,meth,6
2000,wetback,2
2000,dickweed,2
2000,gangbang,2
2000,scag,2
2000,bitching,6
2000,bible,12
2000,poon,2
2000,orgasm,2
2000,addict,2
2000,bombers,2
2000,asswipe,2
2000,threesome,2
2000,headlights,4
2000,niggard,2
decade,bad word,number of appearance
2010,jade,7
2010,girls,236
2010,barf,4
2010,desire,21
2010,church,62
2010,bigger,126
2010,welfare,14
2010,poverty,20
2010,remains,36
2010,period,39
2010,sick,146
2010,die,253
2010,died,180
2010,harder,51
2010,faith,52
2010,diseases,5
2010,adult,23
2010,blind,70
2010,hell,708
2010,bombs,59
2010,bomb,102
2010,fear,110
2010,death,226
2010,shit,437
2010,hook,45
2010,fight,301
2010,women's,19
2010,ass,244
2010,sex,183
2010,mad,128
2010,shoot,226
2010,sexy,39
2010,kill,1042
2010,kills,38
2010,angry,75
2010,bitch,89
2010,stupid,184
2010,arse,22
2010,fairy,39
2010,dead,347
2010,idiot,45
2010,deposit,13
2010,crack,45
2010,shooting,98
2010,dirty,94
2010,babies,31
2010,killed,509
2010,nasty,30
2010,funeral,34
2010,fuck,780
2010,fucked,146
2010,drug,130
2010,fucking,1759
2010,drunk,60
2010,gay,80
2010,marijuana,7
2010,blow,139
2010,suck,83
2010,gun,175
2010,heroin,7
2010,kid,180
2010,killing,169
2010,fire,153
2010,killer,40
2010,destroy,88
2010,knife,45
2010,breast,19
2010,fucker,12
2010,devil,36
2010,damn,294
2010,bullshit,47
2010,spit,30
2010,butt,34
2010,dumb,41
2010,blowjob,2
2010,burn,66
2010,vomit,11
2010,screw,57
2010,fat,88
2010,crotch,5
2010,retard,4
2010,buried,59
2010,attack,98
2010,nude,10
2010,jihad,4
2010,racial,4
2010,assholes,12
2010,terrorist,23
2010,children's,18
2010,enemy,60
2010,toilet,25
2010,color,37
2010,disease,21
2010,crime,61
2010,demon,33
2010,crap,49
2010,hole,50
2010,piss,47
2010,balls,62
2010,slut,8
2010,lies,60
2010,virgin,15
2010,sexual,49
2010,tongue,29
2010,black,165
2010,dies,19
2010,slutty,4
2010,whore,16
2010,cocktail,7
2010,homosexual,8
2010,pissing,20
2010,skank,2
2010,fondle,1
2010,backdoor,3
2010,bitching,2
2010,shitting,23
2010,goddamn,160
2010,lynch,3
2010,illegal,44
2010,suicide,81
2010,weapon,54
2010,pot,29
2010,servant,10
2010,assassinate,4
2010,liquor,17
2010,laid,55
2010,crimes,16
2010,pissed,59
2010,cigarette,10
2010,stroke,9
2010,bugger,2
2010,crash,22
2010,joint,19
2010,communist,8
2010,firing,23
2010,executed,13
2010,disturbed,4
2010,slaughter,4
2010,pussy,20
2010,failure,27
2010,cocky,1
2010,asshole,41
2010,swallow,10
2010,explosion,19
2010,wanker,6
2010,fuckin,1
2010,murder,76
2010,abuse,13
2010,loser,15
2010,execution,10
2010,jackass,5
2010,sperm,12
2010,pee,26
2010,dick,53
2010,lesbian,2
2010,fag,20
2010,cock,24
2010,incest,2
2010,anal,3
2010,gross,17
2010,fetish,2
2010,condom,6
2010,hymen,1
2010,goddamned,13
2010,naked,40
2010,sexually,5
2010,reject,7
2010,radical,7
2010,puke,6
2010,terror,11
2010,rape,24
2010,escort,14
2010,urine,7
2010,panties,16
2010,sweetness,3
2010,criminal,45
2010,pooping,2
2010,crappy,10
2010,kink,3
2010,poop,14
2010,urinate,2
2010,failed,52
2010,snatch,7
2010,banging,13
2010,beast,24
2010,slave,19
2010,assault,13
2010,gangsta,2
2010,arsehole,2
2010,shithouse,3
2010,raped,8
2010,premature,2
2010,liberal,6
2010,pimped,3
2010,bitches,18
2010,prick,6
2010,sniper,6
2010,god,46
2010,torture,34
2010,cunt,13
2010,murderer,8
2010,motherfucking,17
2010,motherfucker,16
2010,dope,10
2010,titty,3
2010,doo-doo,2
2010,turd,3
2010,oral,7
2010,smack,10
2010,hostage,12
2010,cemetery,6
2010,penis,21
2010,bra,9
2010,poo,4
2010,porn,19
2010,porno,7
2010,bondage,1
2010,asses,21
2010,fraud,8
2010,dive,7
2010,drunken,9
2010,execute,8
2010,scum,5
2010,stringer,1
2010,boom,12
2010,shits,6
2010,faeces,1
2010,prostitute,5
2010,raghead,1
2010,hooker,4
2010,fuckers,6
2010,amateur,8
2010,tits,19
2010,pistol,10
2010,transvestite,3
2010,beaver,5
2010,pecker,4
2010,narcotic,2
2010,addicts,5
2010,satan,1
2010,pimp,9
2010,crabs,1
2010,horny,10
2010,slime,1
2010,minority,2
2010,hijack,1
2010,colored,1
2010,violence,19
2010,conspiracy,9
2010,shitter,2
2010,crapper,1
2010,moron,6
2010,fucks,16
2010,hillbillies,1
2010,dickhead,4
2010,nuke,3
2010,shag,6
2010,fart,11
2010,whiskey,9
2010,sob,4
2010,robber,4
2010,conservative,17
2010,hijacking,1
2010,bombing,13
2010,radicals,1
2010,gob,4
2010,chin,10
2010,homicide,3
2010,propaganda,9
2010,feces,1
2010,orgasm,5
2010,masturbate,5
2010,fu,6
2010,boobs,6
2010,racist,7
2010,wank,2
2010,masturbating,3
2010,tramp,2
2010,assassination,2
2010,corruption,8
2010,excrement,3
2010,nip,6
2010,spank,3
2010,refugee,3
2010,shat,4
2010,cocksucker,4
2010,pussies,1
2010,skanky,1
2010,cocaine,1
2010,orgy,3
2010,sucker,4
2010,queer,4
2010,pooper,1
2010,rapist,4
2010,gin,3
2010,vagina,11
2010,cancer,12
2010,sluts,2
2010,bitchy,2
2010,aroused,2
2010,assassin,1
2010,executioner,2
2010,jugs,2
2010,boner,5
2010,willie,4
2010,faggot,3
2010,pixie,1
2010,reefer,1
2010,gypo,1
2010,arab,1
2010,hustler,1
2010,ethnic,2
2010,booby,4
2010,itch,3
2010,penises,2
2010,dipshit,4
2010,titties,2
2010,dumbass,3
2010,coon,5
2010,nazi,1
2010,american,13
2010,rabbi,3
2010,criminals,12
2010,lez,1
2010,diddle,1
2010,latin,1
2010,xxx,2
2010,backseat,2
2010,nipple,1
2010,nigga,1
2010,doom,3
2010,dyke,1
2010,intercourse,3
2010,cum,9
2010,cumming,1
2010,homo,1
2010,babe,2
2010,clit,2
2010,biatch,1
2010,playboy,1
2010,mafia,4
2010,shite,2
2010,penile,3
2010,coloured,1
2010,dildo,1
2010,lowlife,1
2010,limey,1
2010,ho,3
2010,flange,1
2010,pros,3
2010,damnation,2
2010,molest,2
2010,roach,1
2010,horn,7
2010,meth,3
2010,poon,1
2010,tang,1
2010,boob,6
2010,boobies,1
2010,sissy,1
2010,perv,2
2010,nookie,1
2010,jiggy,1
2010,mexican,2
2010,negro,3
2010,lingerie,1
2010,vibrator,1
2010,erection,3
2010,nigger,4
2010,honky,1
2010,muff,1
2010,knockers,1
2010,shagging,4
2010,european,2
2010,semen,3
2010,whorehouse,1
2010,wop,1
2010,scrotum,1
2010,snot,2
2010,bi,6
2010,uk,1
2010,herpes,1
2010,ejaculated,1
2010,testicles,1
2010,retarded,4
2010,molester,4
2010,foreskin,1
2010,pee-pee,2
2010,japanese,2
2010,willy,1
2010,niggers,3
2010,booty,4
2010,abortion,24
2010,uterus,1
2010,pubic,4
2010,heterosexual,2
2010,fairies,1
2010,cocksman,2
2010,buggered,1
2010,foursome,2
2010,tosser,1
2010,pornography,2
2010,jizz,2
2010,peck,1
2010,hookers,1
2010,addict,2
2010,dammit,1
2010,blackout,1
2010,threesome,2
2010,randy,1
2010,penthouse,2
2010,geezer,1
2010,republican,1
2010,asian,1
2010,fugly,1
2010,fatass,1
2010,felching,1
2010,twat,1
2010,creamy,1
2010,chink,1
2010,sexed,1
2010,slant,1
2010,lotion,1
2010,blacks,3
2010,whites,1
2010,rigger,1
2010,paki,1
2010,choad,1
2010,wetback,1
2010,alla,3
2010,husky,1
2010,tampon,2
2010,puss,1
2010,chinese,1
